Unnamed: 0,ID_LIN_TRA,NOMBRE,CIRCUITO,TRAMO,PROPIEDAD,TENSION_KV,LONG_KM,ESTADO,F_OPERACIO,FECH_ACT,PROVINCIA,Latitud,Longitud
0,1135.0,COBOS - ANDES,C1,COBOS - ANDES,AES ANDES S.A.,345.0,404.64,EN OPERACION,2005-01-01,2023-04-20,ANTOFAGASTA-EL LOA,-24.747954988999936,-65.05129881599998
1,1135.0,COBOS - ANDES,C1,COBOS - ANDES,AES ANDES S.A.,345.0,404.64,EN OPERACION,2005-01-01,2023-04-20,ANTOFAGASTA-EL LOA,-24.74851297899994,-65.05122829599998
2,1135.0,COBOS - ANDES,C1,COBOS - ANDES,AES ANDES S.A.,345.0,404.64,EN OPERACION,2005-01-01,2023-04-20,ANTOFAGASTA-EL LOA,-24.749976429999947,-65.05340407699998
3,1135.0,COBOS - ANDES,C1,COBOS - ANDES,AES ANDES S.A.,345.0,404.64,EN OPERACION,2005-01-01,2023-04-20,ANTOFAGASTA-EL LOA,-24.750407715999927,-65.05772497599997
4,1135.0,COBOS - ANDES,C1,COBOS - ANDES,AES ANDES S.A.,345.0,404.64,EN OPERACION,2005-01-01,2023-04-20,ANTOFAGASTA-EL LOA,-24.75088782099993,-65.06259785099996
5,1135.0,COBOS - ANDES,C1,COBOS - ANDES,AES ANDES S.A.,345.0,404.64,EN OPERACION,2005-01-01,2023-04-20,ANTOFAGASTA-EL LOA,-24.75127748699998,-65.06654329899993
6,1135.0,COBOS - ANDES,C1,COBOS - ANDES,AES ANDES S.A.,345.0,404.64,EN OPERACION,2005-01-01,2023-04-20,ANTOFAGASTA-EL LOA,-24.75169838599993,-65.07068011199993
7,1135.0,COBOS - ANDES,C1,COBOS - ANDES,AES ANDES S.A.,345.0,404.64,EN OPERACION,2005-01-01,2023-04-20,ANTOFAGASTA-EL LOA,-24.75219769599994,-65.07538687599998
8,1135.0,COBOS - ANDES,C1,COBOS - ANDES,AES ANDES S.A.,345.0,404.64,EN OPERACION,2005-01-01,2023-04-20,ANTOFAGASTA-EL LOA,-24.752566856999977,-65.07931911599997
9,1135.0,COBOS - ANDES,C1,COBOS - ANDES,AES ANDES S.A.,345.0,404.64,EN OPERACION,2005-01-01,2023-04-20,ANTOFAGASTA-EL LOA,-24.75411325799996,-65.08290921199995
10,1135.0,COBOS - ANDES,C1,COBOS - ANDES,AES ANDES S.A.,345.0,404.64,EN OPERACION,2005-01-01,2023-04-20,ANTOFAGASTA-EL LOA,-24.75579399099996,-65.08678948399995
11,1135.0,COBOS - ANDES,C1,COBOS - ANDES,AES ANDES S.A.,345.0,404.64,EN OPERACION,2005-01-01,2023-04-20,ANTOFAGASTA-EL LOA,-24.757497565999984,-65.09073369799995
12,1135.0,COBOS - ANDES,C1,COBOS - ANDES,AES ANDES S.A.,345.0,404.64,EN OPERACION,2005-01-01,2023-04-20,ANTOFAGASTA-EL LOA,-24.75921814999998,-65.09473456099994
13,1135.0,COBOS - ANDES,C1,COBOS - ANDES,AES ANDES S.A.,345.0,404.64,EN OPERACION,2005-01-01,2023-04-20,ANTOFAGASTA-EL LOA,-24.76093281699997,-65.09872465399997
14,1135.0,COBOS - ANDES,C1,COBOS - ANDES,AES ANDES S.A.,345.0,404.64,EN OPERACION,2005-01-01,2023-04-20,ANTOFAGASTA-EL LOA,-24.76265933899998,-65.10273905699995
15,1135.0,COBOS - ANDES,C1,COBOS - ANDES,AES ANDES S.A.,345.0,404.64,EN OPERACION,2005-01-01,2023-04-20,ANTOFAGASTA-EL LOA,-24.76436145999997,-65.10670801699996
16,1135.0,COBOS - ANDES,C1,COBOS - ANDES,AES ANDES S.A.,345.0,404.64,EN OPERACION,2005-01-01,2023-04-20,ANTOFAGASTA-EL LOA,-24.76605915699997,-65.11063675199995
17,1135.0,COBOS - ANDES,C1,COBOS - ANDES,AES ANDES S.A.,345.0,404.64,EN OPERACION,2005-01-01,2023-04-20,ANTOFAGASTA-EL LOA,-24.76763316299997,-65.11429172099997
18,1135.0,COBOS - ANDES,C1,COBOS - ANDES,AES ANDES S.A.,345.0,404.64,EN OPERACION,2005-01-01,2023-04-20,ANTOFAGASTA-EL LOA,-24.766147558999933,-65.11792872199999
19,1135.0,COBOS - ANDES,C1,COBOS - ANDES,AES ANDES S.A.,345.0,404.64,EN OPERACION,2005-01-01,2023-04-20,ANTOFAGASTA-EL LOA,-24.76501477399995,-65.12071308099996
20,1135.0,COBOS - ANDES,C1,COBOS - ANDES,AES ANDES S.A.,345.0,404.64,EN OPERACION,2005-01-01,2023-04-20,ANTOFAGASTA-EL LOA,-24.763405554999963,-65.12470569299995
21,1135.0,COBOS - ANDES,C1,COBOS - ANDES,AES ANDES S.A.,345.0,404.64,EN OPERACION,2005-01-01,2023-04-20,ANTOFAGASTA-EL LOA,-24.761706472999947,-65.12884920699997
22,1135.0,COBOS - ANDES,C1,COBOS - ANDES,AES ANDES S.A.,345.0,404.64,EN OPERACION,2005-01-01,2023-04-20,ANTOFAGASTA-EL LOA,-24.760174864999957,-65.13264358199996
23,1135.0,COBOS - ANDES,C1,COBOS - ANDES,AES ANDES S.A.,345.0,404.64,EN OPERACION,2005-01-01,2023-04-20,ANTOFAGASTA-EL LOA,-24.75853448999993,-65.13660463999997
24,1135.0,COBOS - ANDES,C1,COBOS - ANDES,AES ANDES S.A.,345.0,404.64,EN OPERACION,2005-01-01,2023-04-20,ANTOFAGASTA-EL LOA,-24.75637589699994,-65.14193099399995
25,1135.0,COBOS - ANDES,C1,COBOS - ANDES,AES ANDES S.A.,345.0,404.64,EN OPERACION,2005-01-01,2023-04-20,ANTOFAGASTA-EL LOA,-24.75515759299998,-65.14492824299998
26,1135.0,COBOS - ANDES,C1,COBOS - ANDES,AES ANDES S.A.,345.0,404.64,EN OPERACION,2005-01-01,2023-04-20,ANTOFAGASTA-EL LOA,-24.753239664999967,-65.14963996899996
27,1135.0,COBOS - ANDES,C1,COBOS - ANDES,AES ANDES S.A.,345.0,404.64,EN OPERACION,2005-01-01,2023-04-20,ANTOFAGASTA-EL LOA,-24.75184692199997,-65.15299558999993
28,1135.0,COBOS - ANDES,C1,COBOS - ANDES,AES ANDES S.A.,345.0,404.64,EN OPERACION,2005-01-01,2023-04-20,ANTOFAGASTA-EL LOA,-24.74947055199993,-65.15473578099994
29,1135.0,COBOS - ANDES,C1,COBOS - ANDES,AES ANDES S.A.,345.0,404.64,EN OPERACION,2005-01-01,2023-04-20,ANTOFAGASTA-EL LOA,-24.745804128999964,-65.15732375299996
30,1135.0,COBOS - ANDES,C1,COBOS - ANDES,AES ANDES S.A.,345.0,404.64,EN OPERACION,2005-01-01,2023-04-20,ANTOFAGASTA-EL LOA,-24.741373557999964,-65.16044242399994
31,1135.0,COBOS - ANDES,C1,COBOS - ANDES,AES ANDES S.A.,345.0,404.64,EN OPERACION,2005-01-01,2023-04-20,ANTOFAGASTA-EL LOA,-24.736193062999973,-65.16413601399995
32,1135.0,COBOS - ANDES,C1,COBOS - ANDES,AES ANDES S.A.,345.0,404.64,EN OPERACION,2005-01-01,2023-04-20,ANTOFAGASTA-EL LOA,-24.73290449899997,-65.16647245999997
33,1135.0,COBOS - ANDES,C1,COBOS - ANDES,AES ANDES S.A.,345.0,404.64,EN OPERACION,2005-01-01,2023-04-20,ANTOFAGASTA-EL LOA,-24.73126766999997,-65.16761421199993
34,1135.0,COBOS - ANDES,C1,COBOS - ANDES,AES ANDES S.A.,345.0,404.64,EN OPERACION,2005-01-01,2023-04-20,ANTOFAGASTA-EL LOA,-24.72830074999996,-65.16769099099997
35,1135.0,COBOS - ANDES,C1,COBOS - ANDES,AES ANDES S.A.,345.0,404.64,EN OPERACION,2005-01-01,2023-04-20,ANTOFAGASTA-EL LOA,-24.725420716999963,-65.16781843399997
36,1135.0,COBOS - ANDES,C1,COBOS - ANDES,AES ANDES S.A.,345.0,404.64,EN OPERACION,2005-01-01,2023-04-20,ANTOFAGASTA-EL LOA,-24.72160497899995,-65.16804120699999
37,1135.0,COBOS - ANDES,C1,COBOS - ANDES,AES ANDES S.A.,345.0,404.64,EN OPERACION,2005-01-01,2023-04-20,ANTOFAGASTA-EL LOA,-24.71679387699993,-65.16831711899994
38,1135.0,COBOS - ANDES,C1,COBOS - ANDES,AES ANDES S.A.,345.0,404.64,EN OPERACION,2005-01-01,2023-04-20,ANTOFAGASTA-EL LOA,-24.715157388999955,-65.16840148299997
39,1135.0,COBOS - ANDES,C1,COBOS - ANDES,AES ANDES S.A.,345.0,404.64,EN OPERACION,2005-01-01,2023-04-20,ANTOFAGASTA-EL LOA,-24.713119848999952,-65.17036727099998
40,1135.0,COBOS - ANDES,C1,COBOS - ANDES,AES ANDES S.A.,345.0,404.64,EN OPERACION,2005-01-01,2023-04-20,ANTOFAGASTA-EL LOA,-24.710998038999943,-65.17232815399996
41,1135.0,COBOS - ANDES,C1,COBOS - ANDES,AES ANDES S.A.,345.0,404.64,EN OPERACION,2005-01-01,2023-04-20,ANTOFAGASTA-EL LOA,-24.711066287999984,-65.17514573199998
42,1135.0,COBOS - ANDES,C1,COBOS - ANDES,AES ANDES S.A.,345.0,404.64,EN OPERACION,2005-01-01,2023-04-20,ANTOFAGASTA-EL LOA,-24.71115089899996,-65.17799237499997
43,1135.0,COBOS - ANDES,C1,COBOS - ANDES,AES ANDES S.A.,345.0,404.64,EN OPERACION,2005-01-01,2023-04-20,ANTOFAGASTA-EL LOA,-24.711268105999977,-65.18168302799995
44,1135.0,COBOS - ANDES,C1,COBOS - ANDES,AES ANDES S.A.,345.0,404.64,EN OPERACION,2005-01-01,2023-04-20,ANTOFAGASTA-EL LOA,-24.71090060599994,-65.18502302799993
45,1135.0,COBOS - ANDES,C1,COBOS - ANDES,AES ANDES S.A.,345.0,404.64,EN OPERACION,2005-01-01,2023-04-20,ANTOFAGASTA-EL LOA,-24.71146521199995,-65.18719927199999
46,1135.0,COBOS - ANDES,C1,COBOS - ANDES,AES ANDES S.A.,345.0,404.64,EN OPERACION,2005-01-01,2023-04-20,ANTOFAGASTA-EL LOA,-24.711606220999958,-65.19094589299993
47,1135.0,COBOS - ANDES,C1,COBOS - ANDES,AES ANDES S.A.,345.0,404.64,EN OPERACION,2005-01-01,2023-04-20,ANTOFAGASTA-EL LOA,-24.71173276099995,-65.19508289899994
48,1135.0,COBOS - ANDES,C1,COBOS - ANDES,AES ANDES S.A.,345.0,404.64,EN OPERACION,2005-01-01,2023-04-20,ANTOFAGASTA-EL LOA,-24.71178354099993,-65.19715156799998
49,1135.0,COBOS - ANDES,C1,COBOS - ANDES,AES ANDES S.A.,345.0,404.64,EN OPERACION,2005-01-01,2023-04-20,ANTOFAGASTA-EL LOA,-24.71405748799998,-65.20175689099995
50,1135.0,COBOS - ANDES,C1,COBOS - ANDES,AES ANDES S.A.,345.0,404.64,EN OPERACION,2005-01-01,2023-04-20,ANTOFAGASTA-EL LOA,-24.714013888999943,-65.20552498999996
51,1135.0,COBOS - ANDES,C1,COBOS - ANDES,AES ANDES S.A.,345.0,404.64,EN OPERACION,2005-01-01,2023-04-20,ANTOFAGASTA-EL LOA,-24.714006105999943,-65.20848897199994
52,1135.0,COBOS - ANDES,C1,COBOS - ANDES,AES ANDES S.A.,345.0,404.64,EN OPERACION,2005-01-01,2023-04-20,ANTOFAGASTA-EL LOA,-24.71384704999997,-65.21407858299995
53,1135.0,COBOS - ANDES,C1,COBOS - ANDES,AES ANDES S.A.,345.0,404.64,EN OPERACION,2005-01-01,2023-04-20,ANTOFAGASTA-EL LOA,-24.713797098999976,-65.21779996399994
54,1135.0,COBOS - ANDES,C1,COBOS - ANDES,AES ANDES S.A.,345.0,404.64,EN OPERACION,2005-01-01,2023-04-20,ANTOFAGASTA-EL LOA,-24.713730813999973,-65.22256863599995
55,1135.0,COBOS - ANDES,C1,COBOS - ANDES,AES ANDES S.A.,345.0,404.64,EN OPERACION,2005-01-01,2023-04-20,ANTOFAGASTA-EL LOA,-24.713658992999967,-65.22626088799996
56,1135.0,COBOS - ANDES,C1,COBOS - ANDES,AES ANDES S.A.,345.0,404.64,EN OPERACION,2005-01-01,2023-04-20,ANTOFAGASTA-EL LOA,-24.71359743599993,-65.23045835399995
57,1135.0,COBOS - ANDES,C1,COBOS - ANDES,AES ANDES S.A.,345.0,404.64,EN OPERACION,2005-01-01,2023-04-20,ANTOFAGASTA-EL LOA,-24.713505364999943,-65.23497615999997
58,1135.0,COBOS - ANDES,C1,COBOS - ANDES,AES ANDES S.A.,345.0,404.64,EN OPERACION,2005-01-01,2023-04-20,ANTOFAGASTA-EL LOA,-24.71343521399996,-65.23912147999994
59,1135.0,COBOS - ANDES,C1,COBOS - ANDES,AES ANDES S.A.,345.0,404.64,EN OPERACION,2005-01-01,2023-04-20,ANTOFAGASTA-EL LOA,-24.713332821999927,-65.24322321699998
60,1135.0,COBOS - ANDES,C1,COBOS - ANDES,AES ANDES S.A.,345.0,404.64,EN OPERACION,2005-01-01,2023-04-20,ANTOFAGASTA-EL LOA,-24.711238039999955,-65.24672535999997
61,1135.0,COBOS - ANDES,C1,COBOS - ANDES,AES ANDES S.A.,345.0,404.64,EN OPERACION,2005-01-01,2023-04-20,ANTOFAGASTA-EL LOA,-24.70923032999997,-65.25003077599996
62,1135.0,COBOS - ANDES,C1,COBOS - ANDES,AES ANDES S.A.,345.0,404.64,EN OPERACION,2005-01-01,2023-04-20,ANTOFAGASTA-EL LOA,-24.70485751499996,-65.25246092199995
63,1135.0,COBOS - ANDES,C1,COBOS - ANDES,AES ANDES S.A.,345.0,404.64,EN OPERACION,2005-01-01,2023-04-20,ANTOFAGASTA-EL LOA,-24.703411656999947,-65.25753399199994
64,1135.0,COBOS - ANDES,C1,COBOS - ANDES,AES ANDES S.A.,345.0,404.64,EN OPERACION,2005-01-01,2023-04-20,ANTOFAGASTA-EL LOA,-24.702407940999933,-65.26087001999997
65,1135.0,COBOS - ANDES,C1,COBOS - ANDES,AES ANDES S.A.,345.0,404.64,EN OPERACION,2005-01-01,2023-04-20,ANTOFAGASTA-EL LOA,-24.70049696499996,-65.26732489699998
66,1135.0,COBOS - ANDES,C1,COBOS - ANDES,AES ANDES S.A.,345.0,404.64,EN OPERACION,2005-01-01,2023-04-20,ANTOFAGASTA-EL LOA,-24.69929928699997,-65.27218326299999
67,1135.0,COBOS - ANDES,C1,COBOS - ANDES,AES ANDES S.A.,345.0,404.64,EN OPERACION,2005-01-01,2023-04-20,ANTOFAGASTA-EL LOA,-24.69889445499996,-65.27403980399998
68,1135.0,COBOS - ANDES,C1,COBOS - ANDES,AES ANDES S.A.,345.0,404.64,EN OPERACION,2005-01-01,2023-04-20,ANTOFAGASTA-EL LOA,-24.69747894699998,-65.27856483999994
69,1135.0,COBOS - ANDES,C1,COBOS - ANDES,AES ANDES S.A.,345.0,404.64,EN OPERACION,2005-01-01,2023-04-20,ANTOFAGASTA-EL LOA,-24.69664790199994,-65.28114298799994
70,1135.0,COBOS - ANDES,C1,COBOS - ANDES,AES ANDES S.A.,345.0,404.64,EN OPERACION,2005-01-01,2023-04-20,ANTOFAGASTA-EL LOA,-24.695330396999964,-65.28478996299998
71,1135.0,COBOS - ANDES,C1,COBOS - ANDES,AES ANDES S.A.,345.0,404.64,EN OPERACION,2005-01-01,2023-04-20,ANTOFAGASTA-EL LOA,-24.694542783999964,-65.28714929499995
72,1135.0,COBOS - ANDES,C1,COBOS - ANDES,AES ANDES S.A.,345.0,404.64,EN OPERACION,2005-01-01,2023-04-20,ANTOFAGASTA-EL LOA,-24.69325823199995,-65.29201389099995
73,1135.0,COBOS - ANDES,C1,COBOS - ANDES,AES ANDES S.A.,345.0,404.64,EN OPERACION,2005-01-01,2023-04-20,ANTOFAGASTA-EL LOA,-24.692421318999948,-65.29512222899996
74,1135.0,COBOS - ANDES,C1,COBOS - ANDES,AES ANDES S.A.,345.0,404.64,EN OPERACION,2005-01-01,2023-04-20,ANTOFAGASTA-EL LOA,-24.69250008799997,-65.29989542099997
75,1135.0,COBOS - ANDES,C1,COBOS - ANDES,AES ANDES S.A.,345.0,404.64,EN OPERACION,2005-01-01,2023-04-20,ANTOFAGASTA-EL LOA,-24.692626507999933,-65.30463391199999
76,1135.0,COBOS - ANDES,C1,COBOS - ANDES,AES ANDES S.A.,345.0,404.64,EN OPERACION,2005-01-01,2023-04-20,ANTOFAGASTA-EL LOA,-24.69282835899997,-65.30865384399993
77,1135.0,COBOS - ANDES,C1,COBOS - ANDES,AES ANDES S.A.,345.0,404.64,EN OPERACION,2005-01-01,2023-04-20,ANTOFAGASTA-EL LOA,-24.693108670999948,-65.31264174299997
78,1135.0,COBOS - ANDES,C1,COBOS - ANDES,AES ANDES S.A.,345.0,404.64,EN OPERACION,2005-01-01,2023-04-20,ANTOFAGASTA-EL LOA,-24.693289274999927,-65.31656491699994
79,1135.0,COBOS - ANDES,C1,COBOS - ANDES,AES ANDES S.A.,345.0,404.64,EN OPERACION,2005-01-01,2023-04-20,ANTOFAGASTA-EL LOA,-24.693592658999933,-65.32051970899994
80,1135.0,COBOS - ANDES,C1,COBOS - ANDES,AES ANDES S.A.,345.0,404.64,EN OPERACION,2005-01-01,2023-04-20,ANTOFAGASTA-EL LOA,-24.69403699399993,-65.32532093199995
81,1135.0,COBOS - ANDES,C1,COBOS - ANDES,AES ANDES S.A.,345.0,404.64,EN OPERACION,2005-01-01,2023-04-20,ANTOFAGASTA-EL LOA,-24.69429542399996,-65.33082416299999
82,1135.0,COBOS - ANDES,C1,COBOS - ANDES,AES ANDES S.A.,345.0,404.64,EN OPERACION,2005-01-01,2023-04-20,ANTOFAGASTA-EL LOA,-24.69474552899993,-65.33610770899998
83,1135.0,COBOS - ANDES,C1,COBOS - ANDES,AES ANDES S.A.,345.0,404.64,EN OPERACION,2005-01-01,2023-04-20,ANTOFAGASTA-EL LOA,-24.692649795999955,-65.34225201399994
84,1135.0,COBOS - ANDES,C1,COBOS - ANDES,AES ANDES S.A.,345.0,404.64,EN OPERACION,2005-01-01,2023-04-20,ANTOFAGASTA-EL LOA,-24.69273925299996,-65.34661244799997
85,1135.0,COBOS - ANDES,C1,COBOS - ANDES,AES ANDES S.A.,345.0,404.64,EN OPERACION,2005-01-01,2023-04-20,ANTOFAGASTA-EL LOA,-24.69151422299996,-65.35422856399998
86,1135.0,COBOS - ANDES,C1,COBOS - ANDES,AES ANDES S.A.,345.0,404.64,EN OPERACION,2005-01-01,2023-04-20,ANTOFAGASTA-EL LOA,-24.69152156699994,-65.36006876799996
87,1135.0,COBOS - ANDES,C1,COBOS - ANDES,AES ANDES S.A.,345.0,404.64,EN OPERACION,2005-01-01,2023-04-20,ANTOFAGASTA-EL LOA,-24.68839674299994,-65.36380514899997
88,1135.0,COBOS - ANDES,C1,COBOS - ANDES,AES ANDES S.A.,345.0,404.64,EN OPERACION,2005-01-01,2023-04-20,ANTOFAGASTA-EL LOA,-24.68678415399995,-65.36572617199994
89,1135.0,COBOS - ANDES,C1,COBOS - ANDES,AES ANDES S.A.,345.0,404.64,EN OPERACION,2005-01-01,2023-04-20,ANTOFAGASTA-EL LOA,-24.68484835599997,-65.36994209599999
90,1135.0,COBOS - ANDES,C1,COBOS - ANDES,AES ANDES S.A.,345.0,404.64,EN OPERACION,2005-01-01,2023-04-20,ANTOFAGASTA-EL LOA,-24.68238279299993,-65.37491373299997
91,1135.0,COBOS - ANDES,C1,COBOS - ANDES,AES ANDES S.A.,345.0,404.64,EN OPERACION,2005-01-01,2023-04-20,ANTOFAGASTA-EL LOA,-24.679905624999947,-65.37746590299997
92,1135.0,COBOS - ANDES,C1,COBOS - ANDES,AES ANDES S.A.,345.0,404.64,EN OPERACION,2005-01-01,2023-04-20,ANTOFAGASTA-EL LOA,-24.67770334399995,-65.37983304899996
93,1135.0,COBOS - ANDES,C1,COBOS - ANDES,AES ANDES S.A.,345.0,404.64,EN OPERACION,2005-01-01,2023-04-20,ANTOFAGASTA-EL LOA,-24.67501940799997,-65.38288712499997
94,1135.0,COBOS - ANDES,C1,COBOS - ANDES,AES ANDES S.A.,345.0,404.64,EN OPERACION,2005-01-01,2023-04-20,ANTOFAGASTA-EL LOA,-24.67235747099994,-65.38579456999997
95,1135.0,COBOS - ANDES,C1,COBOS - ANDES,AES ANDES S.A.,345.0,404.64,EN OPERACION,2005-01-01,2023-04-20,ANTOFAGASTA-EL LOA,-24.66869740799996,-65.38986195099994
96,1135.0,COBOS - ANDES,C1,COBOS - ANDES,AES ANDES S.A.,345.0,404.64,EN OPERACION,2005-01-01,2023-04-20,ANTOFAGASTA-EL LOA,-24.666530936999948,-65.39228100899999
97,1135.0,COBOS - ANDES,C1,COBOS - ANDES,AES ANDES S.A.,345.0,404.64,EN OPERACION,2005-01-01,2023-04-20,ANTOFAGASTA-EL LOA,-24.664032145999958,-65.39507106899998
98,1135.0,COBOS - ANDES,C1,COBOS - ANDES,AES ANDES S.A.,345.0,404.64,EN OPERACION,2005-01-01,2023-04-20,ANTOFAGASTA-EL LOA,-24.661562345999982,-65.39780540399994
99,1135.0,COBOS - ANDES,C1,COBOS - ANDES,AES ANDES S.A.,345.0,404.64,EN OPERACION,2005-01-01,2023-04-20,ANTOFAGASTA-EL LOA,-24.66007365799993,-65.40133962699997
100,1135.0,COBOS - ANDES,C1,COBOS - ANDES,AES ANDES S.A.,345.0,404.64,EN OPERACION,2005-01-01,2023-04-20,ANTOFAGASTA-EL LOA,-24.658656521999944,-65.40496609899998
101,1135.0,COBOS - ANDES,C1,COBOS - ANDES,AES ANDES S.A.,345.0,404.64,EN OPERACION,2005-01-01,2023-04-20,ANTOFAGASTA-EL LOA,-24.657303464999927,-65.40823607999994
102,1135.0,COBOS - ANDES,C1,COBOS - ANDES,AES ANDES S.A.,345.0,404.64,EN OPERACION,2005-01-01,2023-04-20,ANTOFAGASTA-EL LOA,-24.65580132799994,-65.41191986099994
103,1135.0,COBOS - ANDES,C1,COBOS - ANDES,AES ANDES S.A.,345.0,404.64,EN OPERACION,2005-01-01,2023-04-20,ANTOFAGASTA-EL LOA,-24.65424801599994,-65.41578359999994
104,1135.0,COBOS - ANDES,C1,COBOS - ANDES,AES ANDES S.A.,345.0,404.64,EN OPERACION,2005-01-01,2023-04-20,ANTOFAGASTA-EL LOA,-24.652595582999936,-65.41974730799996
105,1135.0,COBOS - ANDES,C1,COBOS - ANDES,AES ANDES S.A.,345.0,404.64,EN OPERACION,2005-01-01,2023-04-20,ANTOFAGASTA-EL LOA,-24.64757306599995,-65.42207784499993
106,1135.0,COBOS - ANDES,C1,COBOS - ANDES,AES ANDES S.A.,345.0,404.64,EN OPERACION,2005-01-01,2023-04-20,ANTOFAGASTA-EL LOA,-24.64625455299995,-65.42546099699996
107,1135.0,COBOS - ANDES,C1,COBOS - ANDES,AES ANDES S.A.,345.0,404.64,EN OPERACION,2005-01-01,2023-04-20,ANTOFAGASTA-EL LOA,-24.645045136999958,-65.42845966199997
108,1135.0,COBOS - ANDES,C1,COBOS - ANDES,AES ANDES S.A.,345.0,404.64,EN OPERACION,2005-01-01,2023-04-20,ANTOFAGASTA-EL LOA,-24.64320397399996,-65.43310107999997
109,1135.0,COBOS - ANDES,C1,COBOS - ANDES,AES ANDES S.A.,345.0,404.64,EN OPERACION,2005-01-01,2023-04-20,ANTOFAGASTA-EL LOA,-24.64259129099997,-65.43484917999996
110,1135.0,COBOS - ANDES,C1,COBOS - ANDES,AES ANDES S.A.,345.0,404.64,EN OPERACION,2005-01-01,2023-04-20,ANTOFAGASTA-EL LOA,-24.64152394199993,-65.43750043799997
111,1135.0,COBOS - ANDES,C1,COBOS - ANDES,AES ANDES S.A.,345.0,404.64,EN OPERACION,2005-01-01,2023-04-20,ANTOFAGASTA-EL LOA,-24.64181663299996,-65.44009421899995
112,1135.0,COBOS - ANDES,C1,COBOS - ANDES,AES ANDES S.A.,345.0,404.64,EN OPERACION,2005-01-01,2023-04-20,ANTOFAGASTA-EL LOA,-24.64123290899994,-65.44388694799994
113,1135.0,COBOS - ANDES,C1,COBOS - ANDES,AES ANDES S.A.,345.0,404.64,EN OPERACION,2005-01-01,2023-04-20,ANTOFAGASTA-EL LOA,-24.63713500299997,-65.44614437499996
114,1135.0,COBOS - ANDES,C1,COBOS - ANDES,AES ANDES S.A.,345.0,404.64,EN OPERACION,2005-01-01,2023-04-20,ANTOFAGASTA-EL LOA,-24.63594471199997,-65.44899146299997
115,1135.0,COBOS - ANDES,C1,COBOS - ANDES,AES ANDES S.A.,345.0,404.64,EN OPERACION,2005-01-01,2023-04-20,ANTOFAGASTA-EL LOA,-24.637394292999943,-65.45515510399997
116,1135.0,COBOS - ANDES,C1,COBOS - ANDES,AES ANDES S.A.,345.0,404.64,EN OPERACION,2005-01-01,2023-04-20,ANTOFAGASTA-EL LOA,-24.63826463299995,-65.45922592999995
117,1135.0,COBOS - ANDES,C1,COBOS - ANDES,AES ANDES S.A.,345.0,404.64,EN OPERACION,2005-01-01,2023-04-20,ANTOFAGASTA-EL LOA,-24.638573854999947,-65.46083491499996
118,1135.0,COBOS - ANDES,C1,COBOS - ANDES,AES ANDES S.A.,345.0,404.64,EN OPERACION,2005-01-01,2023-04-20,ANTOFAGASTA-EL LOA,-24.63837052299993,-65.46491809299994
119,1135.0,COBOS - ANDES,C1,COBOS - ANDES,AES ANDES S.A.,345.0,404.64,EN OPERACION,2005-01-01,2023-04-20,ANTOFAGASTA-EL LOA,-24.63787090599993,-65.46949936299995
120,1135.0,COBOS - ANDES,C1,COBOS - ANDES,AES ANDES S.A.,345.0,404.64,EN OPERACION,2005-01-01,2023-04-20,ANTOFAGASTA-EL LOA,-24.63757056999998,-65.47150802599998
121,1135.0,COBOS - ANDES,C1,COBOS - ANDES,AES ANDES S.A.,345.0,404.64,EN OPERACION,2005-01-01,2023-04-20,ANTOFAGASTA-EL LOA,-24.636820580999935,-65.47242169699996
122,1135.0,COBOS - ANDES,C1,COBOS - ANDES,AES ANDES S.A.,345.0,404.64,EN OPERACION,2005-01-01,2023-04-20,ANTOFAGASTA-EL LOA,-24.63569748499998,-65.47415790399998
123,1135.0,COBOS - ANDES,C1,COBOS - ANDES,AES ANDES S.A.,345.0,404.64,EN OPERACION,2005-01-01,2023-04-20,ANTOFAGASTA-EL LOA,-24.634500337999956,-65.47630560299996
124,1135.0,COBOS - ANDES,C1,COBOS - ANDES,AES ANDES S.A.,345.0,404.64,EN OPERACION,2005-01-01,2023-04-20,ANTOFAGASTA-EL LOA,-24.631897589999937,-65.47982800299997
125,1135.0,COBOS - ANDES,C1,COBOS - ANDES,AES ANDES S.A.,345.0,404.64,EN OPERACION,2005-01-01,2023-04-20,ANTOFAGASTA-EL LOA,-24.62944825199997,-65.48325686099997
126,1135.0,COBOS - ANDES,C1,COBOS - ANDES,AES ANDES S.A.,345.0,404.64,EN OPERACION,2005-01-01,2023-04-20,ANTOFAGASTA-EL LOA,-24.63088538599993,-65.48723486699998
127,1135.0,COBOS - ANDES,C1,COBOS - ANDES,AES ANDES S.A.,345.0,404.64,EN OPERACION,2005-01-01,2023-04-20,ANTOFAGASTA-EL LOA,-24.63052053899997,-65.48903754599996
128,1135.0,COBOS - ANDES,C1,COBOS - ANDES,AES ANDES S.A.,345.0,404.64,EN OPERACION,2005-01-01,2023-04-20,ANTOFAGASTA-EL LOA,-24.63007525899997,-65.49100227599996
129,1135.0,COBOS - ANDES,C1,COBOS - ANDES,AES ANDES S.A.,345.0,404.64,EN OPERACION,2005-01-01,2023-04-20,ANTOFAGASTA-EL LOA,-24.62968192699998,-65.49293814699996
130,1135.0,COBOS - ANDES,C1,COBOS - ANDES,AES ANDES S.A.,345.0,404.64,EN OPERACION,2005-01-01,2023-04-20,ANTOFAGASTA-EL LOA,-24.628692598999976,-65.49668409799995
131,1135.0,COBOS - ANDES,C1,COBOS - ANDES,AES ANDES S.A.,345.0,404.64,EN OPERACION,2005-01-01,2023-04-20,ANTOFAGASTA-EL LOA,-24.62809865099996,-65.49925006099994
132,1135.0,COBOS - ANDES,C1,COBOS - ANDES,AES ANDES S.A.,345.0,404.64,EN OPERACION,2005-01-01,2023-04-20,ANTOFAGASTA-EL LOA,-24.62681493299993,-65.50470240099997
133,1135.0,COBOS - ANDES,C1,COBOS - ANDES,AES ANDES S.A.,345.0,404.64,EN OPERACION,2005-01-01,2023-04-20,ANTOFAGASTA-EL LOA,-24.62603437799993,-65.50772057699999
134,1135.0,COBOS - ANDES,C1,COBOS - ANDES,AES ANDES S.A.,345.0,404.64,EN OPERACION,2005-01-01,2023-04-20,ANTOFAGASTA-EL LOA,-24.622823103999963,-65.51334281799996
135,1135.0,COBOS - ANDES,C1,COBOS - ANDES,AES ANDES S.A.,345.0,404.64,EN OPERACION,2005-01-01,2023-04-20,ANTOFAGASTA-EL LOA,-24.619872960999945,-65.51587806499998
136,1135.0,COBOS - ANDES,C1,COBOS - ANDES,AES ANDES S.A.,345.0,404.64,EN OPERACION,2005-01-01,2023-04-20,ANTOFAGASTA-EL LOA,-24.61794748099993,-65.51750330499993
137,1135.0,COBOS - ANDES,C1,COBOS - ANDES,AES ANDES S.A.,345.0,404.64,EN OPERACION,2005-01-01,2023-04-20,ANTOFAGASTA-EL LOA,-24.61550503099994,-65.52385060099994
138,1135.0,COBOS - ANDES,C1,COBOS - ANDES,AES ANDES S.A.,345.0,404.64,EN OPERACION,2005-01-01,2023-04-20,ANTOFAGASTA-EL LOA,-24.61532842599996,-65.53144883299996
139,1135.0,COBOS - ANDES,C1,COBOS - ANDES,AES ANDES S.A.,345.0,404.64,EN OPERACION,2005-01-01,2023-04-20,ANTOFAGASTA-EL LOA,-24.614689332999944,-65.53778773699997
140,1135.0,COBOS - ANDES,C1,COBOS - ANDES,AES ANDES S.A.,345.0,404.64,EN OPERACION,2005-01-01,2023-04-20,ANTOFAGASTA-EL LOA,-24.614307097999983,-65.54035005099996
141,1135.0,COBOS - ANDES,C1,COBOS - ANDES,AES ANDES S.A.,345.0,404.64,EN OPERACION,2005-01-01,2023-04-20,ANTOFAGASTA-EL LOA,-24.61401443599993,-65.54242523599999
142,1135.0,COBOS - ANDES,C1,COBOS - ANDES,AES ANDES S.A.,345.0,404.64,EN OPERACION,2005-01-01,2023-04-20,ANTOFAGASTA-EL LOA,-24.612201569999968,-65.54438620299999
143,1135.0,COBOS - ANDES,C1,COBOS - ANDES,AES ANDES S.A.,345.0,404.64,EN OPERACION,2005-01-01,2023-04-20,ANTOFAGASTA-EL LOA,-24.609244288999943,-65.54762417999996
144,1135.0,COBOS - ANDES,C1,COBOS - ANDES,AES ANDES S.A.,345.0,404.64,EN OPERACION,2005-01-01,2023-04-20,ANTOFAGASTA-EL LOA,-24.60604880899996,-65.55088260099996
145,1135.0,COBOS - ANDES,C1,COBOS - ANDES,AES ANDES S.A.,345.0,404.64,EN OPERACION,2005-01-01,2023-04-20,ANTOFAGASTA-EL LOA,-24.60460330799998,-65.55236836699999
146,1135.0,COBOS - ANDES,C1,COBOS - ANDES,AES ANDES S.A.,345.0,404.64,EN OPERACION,2005-01-01,2023-04-20,ANTOFAGASTA-EL LOA,-24.602918471999946,-65.55440046399997
147,1135.0,COBOS - ANDES,C1,COBOS - ANDES,AES ANDES S.A.,345.0,404.64,EN OPERACION,2005-01-01,2023-04-20,ANTOFAGASTA-EL LOA,-24.59885925699996,-65.55894860799998
148,1135.0,COBOS - ANDES,C1,COBOS - ANDES,AES ANDES S.A.,345.0,404.64,EN OPERACION,2005-01-01,2023-04-20,ANTOFAGASTA-EL LOA,-24.59716219999996,-65.56083218999999
149,1135.0,COBOS - ANDES,C1,COBOS - ANDES,AES ANDES S.A.,345.0,404.64,EN OPERACION,2005-01-01,2023-04-20,ANTOFAGASTA-EL LOA,-24.59741768699996,-65.56445357699994
150,1135.0,COBOS - ANDES,C1,COBOS - ANDES,AES ANDES S.A.,345.0,404.64,EN OPERACION,2005-01-01,2023-04-20,ANTOFAGASTA-EL LOA,-24.59772292099996,-65.57069314499995
151,1135.0,COBOS - ANDES,C1,COBOS - ANDES,AES ANDES S.A.,345.0,404.64,EN OPERACION,2005-01-01,2023-04-20,ANTOFAGASTA-EL LOA,-24.59823866199997,-65.57818323199996
152,1135.0,COBOS - ANDES,C1,COBOS - ANDES,AES ANDES S.A.,345.0,404.64,EN OPERACION,2005-01-01,2023-04-20,ANTOFAGASTA-EL LOA,-24.598447979999943,-65.58286991199998
153,1135.0,COBOS - ANDES,C1,COBOS - ANDES,AES ANDES S.A.,345.0,404.64,EN OPERACION,2005-01-01,2023-04-20,ANTOFAGASTA-EL LOA,-24.598158599999977,-65.58508771799995
154,1135.0,COBOS - ANDES,C1,COBOS - ANDES,AES ANDES S.A.,345.0,404.64,EN OPERACION,2005-01-01,2023-04-20,ANTOFAGASTA-EL LOA,-24.597788024999943,-65.58765367499996
155,1135.0,COBOS - ANDES,C1,COBOS - ANDES,AES ANDES S.A.,345.0,404.64,EN OPERACION,2005-01-01,2023-04-20,ANTOFAGASTA-EL LOA,-24.59750322599996,-65.58953103699997
156,1135.0,COBOS - ANDES,C1,COBOS - ANDES,AES ANDES S.A.,345.0,404.64,EN OPERACION,2005-01-01,2023-04-20,ANTOFAGASTA-EL LOA,-24.597187003999977,-65.59175508199996
157,1135.0,COBOS - ANDES,C1,COBOS - ANDES,AES ANDES S.A.,345.0,404.64,EN OPERACION,2005-01-01,2023-04-20,ANTOFAGASTA-EL LOA,-24.59675343199996,-65.59474004299994
158,1135.0,COBOS - ANDES,C1,COBOS - ANDES,AES ANDES S.A.,345.0,404.64,EN OPERACION,2005-01-01,2023-04-20,ANTOFAGASTA-EL LOA,-24.59564550999994,-65.60173788599997
159,1135.0,COBOS - ANDES,C1,COBOS - ANDES,AES ANDES S.A.,345.0,404.64,EN OPERACION,2005-01-01,2023-04-20,ANTOFAGASTA-EL LOA,-24.59511697499994,-65.60447280399995
160,1135.0,COBOS - ANDES,C1,COBOS - ANDES,AES ANDES S.A.,345.0,404.64,EN OPERACION,2005-01-01,2023-04-20,ANTOFAGASTA-EL LOA,-24.59490663099996,-65.60659121699996
161,1135.0,COBOS - ANDES,C1,COBOS - ANDES,AES ANDES S.A.,345.0,404.64,EN OPERACION,2005-01-01,2023-04-20,ANTOFAGASTA-EL LOA,-24.59463232799993,-65.60993587899998
162,1135.0,COBOS - ANDES,C1,COBOS - ANDES,AES ANDES S.A.,345.0,404.64,EN OPERACION,2005-01-01,2023-04-20,ANTOFAGASTA-EL LOA,-24.59405578999997,-65.61461527399996
163,1135.0,COBOS - ANDES,C1,COBOS - ANDES,AES ANDES S.A.,345.0,404.64,EN OPERACION,2005-01-01,2023-04-20,ANTOFAGASTA-EL LOA,-24.59177167599995,-65.61726465299995
164,1135.0,COBOS - ANDES,C1,COBOS - ANDES,AES ANDES S.A.,345.0,404.64,EN OPERACION,2005-01-01,2023-04-20,ANTOFAGASTA-EL LOA,-24.519371002999947,-65.75701682199997
165,1135.0,COBOS - ANDES,C1,COBOS - ANDES,AES ANDES S.A.,345.0,404.64,EN OPERACION,2005-01-01,2023-04-20,ANTOFAGASTA-EL LOA,-24.51266990299996,-65.77405498199994
166,1135.0,COBOS - ANDES,C1,COBOS - ANDES,AES ANDES S.A.,345.0,404.64,EN OPERACION,2005-01-01,2023-04-20,ANTOFAGASTA-EL LOA,-24.50597838699997,-65.78961695799995
167,1135.0,COBOS - ANDES,C1,COBOS - ANDES,AES ANDES S.A.,345.0,404.64,EN OPERACION,2005-01-01,2023-04-20,ANTOFAGASTA-EL LOA,-24.437469368999928,-65.99286551499995
168,1135.0,COBOS - ANDES,C1,COBOS - ANDES,AES ANDES S.A.,345.0,404.64,EN OPERACION,2005-01-01,2023-04-20,ANTOFAGASTA-EL LOA,-24.410608001999947,-65.99894466299997
169,1135.0,COBOS - ANDES,C1,COBOS - ANDES,AES ANDES S.A.,345.0,404.64,EN OPERACION,2005-01-01,2023-04-20,ANTOFAGASTA-EL LOA,-24.391174545999945,-66.00332340399996
170,1135.0,COBOS - ANDES,C1,COBOS - ANDES,AES ANDES S.A.,345.0,404.64,EN OPERACION,2005-01-01,2023-04-20,ANTOFAGASTA-EL LOA,-24.326901676999967,-66.14603917299996
171,1135.0,COBOS - ANDES,C1,COBOS - ANDES,AES ANDES S.A.,345.0,404.64,EN OPERACION,2005-01-01,2023-04-20,ANTOFAGASTA-EL LOA,-24.31045407699997,-66.14945315399996
172,1135.0,COBOS - ANDES,C1,COBOS - ANDES,AES ANDES S.A.,345.0,404.64,EN OPERACION,2005-01-01,2023-04-20,ANTOFAGASTA-EL LOA,-24.278199187999974,-66.19357859499996
173,1135.0,COBOS - ANDES,C1,COBOS - ANDES,AES ANDES S.A.,345.0,404.64,EN OPERACION,2005-01-01,2023-04-20,ANTOFAGASTA-EL LOA,-24.256524766999974,-66.32086963199998
174,1135.0,COBOS - ANDES,C1,COBOS - ANDES,AES ANDES S.A.,345.0,404.64,EN OPERACION,2005-01-01,2023-04-20,ANTOFAGASTA-EL LOA,-24.255803682999957,-66.32456353799995
175,1135.0,COBOS - ANDES,C1,COBOS - ANDES,AES ANDES S.A.,345.0,404.64,EN OPERACION,2005-01-01,2023-04-20,ANTOFAGASTA-EL LOA,-24.255249007999964,-66.32771481299994
176,1135.0,COBOS - ANDES,C1,COBOS - ANDES,AES ANDES S.A.,345.0,404.64,EN OPERACION,2005-01-01,2023-04-20,ANTOFAGASTA-EL LOA,-24.25466311899993,-66.33091250399997
177,1135.0,COBOS - ANDES,C1,COBOS - ANDES,AES ANDES S.A.,345.0,404.64,EN OPERACION,2005-01-01,2023-04-20,ANTOFAGASTA-EL LOA,-24.25416017499998,-66.33395307399996
178,1135.0,COBOS - ANDES,C1,COBOS - ANDES,AES ANDES S.A.,345.0,404.64,EN OPERACION,2005-01-01,2023-04-20,ANTOFAGASTA-EL LOA,-24.25327052299997,-66.33859510099995
179,1135.0,COBOS - ANDES,C1,COBOS - ANDES,AES ANDES S.A.,345.0,404.64,EN OPERACION,2005-01-01,2023-04-20,ANTOFAGASTA-EL LOA,-24.252682299999947,-66.34210511199996
180,1135.0,COBOS - ANDES,C1,COBOS - ANDES,AES ANDES S.A.,345.0,404.64,EN OPERACION,2005-01-01,2023-04-20,ANTOFAGASTA-EL LOA,-24.25194963399997,-66.34622489899994
181,1135.0,COBOS - ANDES,C1,COBOS - ANDES,AES ANDES S.A.,345.0,404.64,EN OPERACION,2005-01-01,2023-04-20,ANTOFAGASTA-EL LOA,-24.251115267999975,-66.35074243199995
182,1135.0,COBOS - ANDES,C1,COBOS - ANDES,AES ANDES S.A.,345.0,404.64,EN OPERACION,2005-01-01,2023-04-20,ANTOFAGASTA-EL LOA,-24.250371894999944,-66.35493922599994
183,1135.0,COBOS - ANDES,C1,COBOS - ANDES,AES ANDES S.A.,345.0,404.64,EN OPERACION,2005-01-01,2023-04-20,ANTOFAGASTA-EL LOA,-24.249741736999965,-66.35842849599999
184,1135.0,COBOS - ANDES,C1,COBOS - ANDES,AES ANDES S.A.,345.0,404.64,EN OPERACION,2005-01-01,2023-04-20,ANTOFAGASTA-EL LOA,-24.24888358799996,-66.36334112999998
185,1135.0,COBOS - ANDES,C1,COBOS - ANDES,AES ANDES S.A.,345.0,404.64,EN OPERACION,2005-01-01,2023-04-20,ANTOFAGASTA-EL LOA,-24.246838668999946,-66.36560203999994
186,1135.0,COBOS - ANDES,C1,COBOS - ANDES,AES ANDES S.A.,345.0,404.64,EN OPERACION,2005-01-01,2023-04-20,ANTOFAGASTA-EL LOA,-24.24414791299995,-66.36865862099995
187,1135.0,COBOS - ANDES,C1,COBOS - ANDES,AES ANDES S.A.,345.0,404.64,EN OPERACION,2005-01-01,2023-04-20,ANTOFAGASTA-EL LOA,-24.24143404099993,-66.37173697099996
188,1135.0,COBOS - ANDES,C1,COBOS - ANDES,AES ANDES S.A.,345.0,404.64,EN OPERACION,2005-01-01,2023-04-20,ANTOFAGASTA-EL LOA,-24.23971477799995,-66.37359565399998
189,1135.0,COBOS - ANDES,C1,COBOS - ANDES,AES ANDES S.A.,345.0,404.64,EN OPERACION,2005-01-01,2023-04-20,ANTOFAGASTA-EL LOA,-24.23928350999995,-66.37506070499995
190,1135.0,COBOS - ANDES,C1,COBOS - ANDES,AES ANDES S.A.,345.0,404.64,EN OPERACION,2005-01-01,2023-04-20,ANTOFAGASTA-EL LOA,-24.238199764999933,-66.37836836399998
191,1135.0,COBOS - ANDES,C1,COBOS - ANDES,AES ANDES S.A.,345.0,404.64,EN OPERACION,2005-01-01,2023-04-20,ANTOFAGASTA-EL LOA,-24.23677568299996,-66.38291099299994
192,1135.0,COBOS - ANDES,C1,COBOS - ANDES,AES ANDES S.A.,345.0,404.64,EN OPERACION,2005-01-01,2023-04-20,ANTOFAGASTA-EL LOA,-24.235577233999948,-66.38669038099994
193,1135.0,COBOS - ANDES,C1,COBOS - ANDES,AES ANDES S.A.,345.0,404.64,EN OPERACION,2005-01-01,2023-04-20,ANTOFAGASTA-EL LOA,-24.23383098799997,-66.39226197199997
194,1135.0,COBOS - ANDES,C1,COBOS - ANDES,AES ANDES S.A.,345.0,404.64,EN OPERACION,2005-01-01,2023-04-20,ANTOFAGASTA-EL LOA,-24.23279198499995,-66.39554013499998
195,1135.0,COBOS - ANDES,C1,COBOS - ANDES,AES ANDES S.A.,345.0,404.64,EN OPERACION,2005-01-01,2023-04-20,ANTOFAGASTA-EL LOA,-24.231701991999955,-66.39898785999998
196,1135.0,COBOS - ANDES,C1,COBOS - ANDES,AES ANDES S.A.,345.0,404.64,EN OPERACION,2005-01-01,2023-04-20,ANTOFAGASTA-EL LOA,-24.230103526999983,-66.40392076399996
197,1135.0,COBOS - ANDES,C1,COBOS - ANDES,AES ANDES S.A.,345.0,404.64,EN OPERACION,2005-01-01,2023-04-20,ANTOFAGASTA-EL LOA,-24.22846490999996,-66.40914165599997
198,1135.0,COBOS - ANDES,C1,COBOS - ANDES,AES ANDES S.A.,345.0,404.64,EN OPERACION,2005-01-01,2023-04-20,ANTOFAGASTA-EL LOA,-24.22708773299996,-66.41352844299996
199,1135.0,COBOS - ANDES,C1,COBOS - ANDES,AES ANDES S.A.,345.0,404.64,EN OPERACION,2005-01-01,2023-04-20,ANTOFAGASTA-EL LOA,-24.22584822699997,-66.41751451099998
200,1135.0,COBOS - ANDES,C1,COBOS - ANDES,AES ANDES S.A.,345.0,404.64,EN OPERACION,2005-01-01,2023-04-20,ANTOFAGASTA-EL LOA,-24.223699345999933,-66.42423581999998
201,1135.0,COBOS - ANDES,C1,COBOS - ANDES,AES ANDES S.A.,345.0,404.64,EN OPERACION,2005-01-01,2023-04-20,ANTOFAGASTA-EL LOA,-24.22246078999996,-66.42812958499997
202,1135.0,COBOS - ANDES,C1,COBOS - ANDES,AES ANDES S.A.,345.0,404.64,EN OPERACION,2005-01-01,2023-04-20,ANTOFAGASTA-EL LOA,-24.22107102899997,-66.43247728999995
203,1135.0,COBOS - ANDES,C1,COBOS - ANDES,AES ANDES S.A.,345.0,404.64,EN OPERACION,2005-01-01,2023-04-20,ANTOFAGASTA-EL LOA,-24.219179698999938,-66.43846397499993
204,1135.0,COBOS - ANDES,C1,COBOS - ANDES,AES ANDES S.A.,345.0,404.64,EN OPERACION,2005-01-01,2023-04-20,ANTOFAGASTA-EL LOA,-24.21809341599993,-66.44187260699994
205,1135.0,COBOS - ANDES,C1,COBOS - ANDES,AES ANDES S.A.,345.0,404.64,EN OPERACION,2005-01-01,2023-04-20,ANTOFAGASTA-EL LOA,-24.216561917999968,-66.44667531199997
206,1135.0,COBOS - ANDES,C1,COBOS - ANDES,AES ANDES S.A.,345.0,404.64,EN OPERACION,2005-01-01,2023-04-20,ANTOFAGASTA-EL LOA,-24.214868706999937,-66.45200460999996
207,1135.0,COBOS - ANDES,C1,COBOS - ANDES,AES ANDES S.A.,345.0,404.64,EN OPERACION,2005-01-01,2023-04-20,ANTOFAGASTA-EL LOA,-24.21316012999995,-66.45733143699994
208,1135.0,COBOS - ANDES,C1,COBOS - ANDES,AES ANDES S.A.,345.0,404.64,EN OPERACION,2005-01-01,2023-04-20,ANTOFAGASTA-EL LOA,-24.212172273999958,-66.46052774399993
209,1135.0,COBOS - ANDES,C1,COBOS - ANDES,AES ANDES S.A.,345.0,404.64,EN OPERACION,2005-01-01,2023-04-20,ANTOFAGASTA-EL LOA,-24.211104217999942,-66.46389434299994
210,1135.0,COBOS - ANDES,C1,COBOS - ANDES,AES ANDES S.A.,345.0,404.64,EN OPERACION,2005-01-01,2023-04-20,ANTOFAGASTA-EL LOA,-24.209993443999963,-66.46728567899999
211,1135.0,COBOS - ANDES,C1,COBOS - ANDES,AES ANDES S.A.,345.0,404.64,EN OPERACION,2005-01-01,2023-04-20,ANTOFAGASTA-EL LOA,-24.20884393999995,-66.47143832599994
212,1135.0,COBOS - ANDES,C1,COBOS - ANDES,AES ANDES S.A.,345.0,404.64,EN OPERACION,2005-01-01,2023-04-20,ANTOFAGASTA-EL LOA,-24.207634773999928,-66.47559692399994
213,1135.0,COBOS - ANDES,C1,COBOS - ANDES,AES ANDES S.A.,345.0,404.64,EN OPERACION,2005-01-01,2023-04-20,ANTOFAGASTA-EL LOA,-24.206429712999977,-66.47970886799993
214,1135.0,COBOS - ANDES,C1,COBOS - ANDES,AES ANDES S.A.,345.0,404.64,EN OPERACION,2005-01-01,2023-04-20,ANTOFAGASTA-EL LOA,-24.20522422199997,-66.48389061599994
215,1135.0,COBOS - ANDES,C1,COBOS - ANDES,AES ANDES S.A.,345.0,404.64,EN OPERACION,2005-01-01,2023-04-20,ANTOFAGASTA-EL LOA,-24.185814645999983,-66.57417859799995
216,1135.0,COBOS - ANDES,C1,COBOS - ANDES,AES ANDES S.A.,345.0,404.64,EN OPERACION,2005-01-01,2023-04-20,ANTOFAGASTA-EL LOA,-24.183120521999967,-66.58534072799995
217,1135.0,COBOS - ANDES,C1,COBOS - ANDES,AES ANDES S.A.,345.0,404.64,EN OPERACION,2005-01-01,2023-04-20,ANTOFAGASTA-EL LOA,-24.182151139999974,-66.58879615699993
218,1135.0,COBOS - ANDES,C1,COBOS - ANDES,AES ANDES S.A.,345.0,404.64,EN OPERACION,2005-01-01,2023-04-20,ANTOFAGASTA-EL LOA,-24.18111744899994,-66.59230136799994
219,1135.0,COBOS - ANDES,C1,COBOS - ANDES,AES ANDES S.A.,345.0,404.64,EN OPERACION,2005-01-01,2023-04-20,ANTOFAGASTA-EL LOA,-24.18031399299997,-66.59655671299998
220,1135.0,COBOS - ANDES,C1,COBOS - ANDES,AES ANDES S.A.,345.0,404.64,EN OPERACION,2005-01-01,2023-04-20,ANTOFAGASTA-EL LOA,-24.179072245999976,-66.60081909499996
221,1135.0,COBOS - ANDES,C1,COBOS - ANDES,AES ANDES S.A.,345.0,404.64,EN OPERACION,2005-01-01,2023-04-20,ANTOFAGASTA-EL LOA,-24.17805741399997,-66.60452418699998
222,1135.0,COBOS - ANDES,C1,COBOS - ANDES,AES ANDES S.A.,345.0,404.64,EN OPERACION,2005-01-01,2023-04-20,ANTOFAGASTA-EL LOA,-24.176801069999957,-66.60901203899994
223,1135.0,COBOS - ANDES,C1,COBOS - ANDES,AES ANDES S.A.,345.0,404.64,EN OPERACION,2005-01-01,2023-04-20,ANTOFAGASTA-EL LOA,-24.175819613999977,-66.61297752899998
224,1135.0,COBOS - ANDES,C1,COBOS - ANDES,AES ANDES S.A.,345.0,404.64,EN OPERACION,2005-01-01,2023-04-20,ANTOFAGASTA-EL LOA,-24.17479985799997,-66.61684397499994
225,1135.0,COBOS - ANDES,C1,COBOS - ANDES,AES ANDES S.A.,345.0,404.64,EN OPERACION,2005-01-01,2023-04-20,ANTOFAGASTA-EL LOA,-24.173820234999937,-66.62099827299994
226,1135.0,COBOS - ANDES,C1,COBOS - ANDES,AES ANDES S.A.,345.0,404.64,EN OPERACION,2005-01-01,2023-04-20,ANTOFAGASTA-EL LOA,-24.17267043099997,-66.62550671799994
227,1135.0,COBOS - ANDES,C1,COBOS - ANDES,AES ANDES S.A.,345.0,404.64,EN OPERACION,2005-01-01,2023-04-20,ANTOFAGASTA-EL LOA,-24.171501518999943,-66.62922335999997
228,1135.0,COBOS - ANDES,C1,COBOS - ANDES,AES ANDES S.A.,345.0,404.64,EN OPERACION,2005-01-01,2023-04-20,ANTOFAGASTA-EL LOA,-24.17065116199996,-66.63270133999998
229,1135.0,COBOS - ANDES,C1,COBOS - ANDES,AES ANDES S.A.,345.0,404.64,EN OPERACION,2005-01-01,2023-04-20,ANTOFAGASTA-EL LOA,-24.16843390799994,-66.63579816899994
230,1135.0,COBOS - ANDES,C1,COBOS - ANDES,AES ANDES S.A.,345.0,404.64,EN OPERACION,2005-01-01,2023-04-20,ANTOFAGASTA-EL LOA,-24.165954042999942,-66.63932912899998
231,1135.0,COBOS - ANDES,C1,COBOS - ANDES,AES ANDES S.A.,345.0,404.64,EN OPERACION,2005-01-01,2023-04-20,ANTOFAGASTA-EL LOA,-24.163492900999927,-66.64284891199998
232,1135.0,COBOS - ANDES,C1,COBOS - ANDES,AES ANDES S.A.,345.0,404.64,EN OPERACION,2005-01-01,2023-04-20,ANTOFAGASTA-EL LOA,-24.161010844999964,-66.64631981999997
233,1135.0,COBOS - ANDES,C1,COBOS - ANDES,AES ANDES S.A.,345.0,404.64,EN OPERACION,2005-01-01,2023-04-20,ANTOFAGASTA-EL LOA,-24.158716160999973,-66.64947898799994
234,1135.0,COBOS - ANDES,C1,COBOS - ANDES,AES ANDES S.A.,345.0,404.64,EN OPERACION,2005-01-01,2023-04-20,ANTOFAGASTA-EL LOA,-24.156347452999967,-66.65299911299996
235,1135.0,COBOS - ANDES,C1,COBOS - ANDES,AES ANDES S.A.,345.0,404.64,EN OPERACION,2005-01-01,2023-04-20,ANTOFAGASTA-EL LOA,-24.153752914999927,-66.65654624399997
236,1135.0,COBOS - ANDES,C1,COBOS - ANDES,AES ANDES S.A.,345.0,404.64,EN OPERACION,2005-01-01,2023-04-20,ANTOFAGASTA-EL LOA,-24.151318239999966,-66.65985311299994
237,1135.0,COBOS - ANDES,C1,COBOS - ANDES,AES ANDES S.A.,345.0,404.64,EN OPERACION,2005-01-01,2023-04-20,ANTOFAGASTA-EL LOA,-24.148910112999943,-66.66321935399998
238,1135.0,COBOS - ANDES,C1,COBOS - ANDES,AES ANDES S.A.,345.0,404.64,EN OPERACION,2005-01-01,2023-04-20,ANTOFAGASTA-EL LOA,-24.146582545999934,-66.66659791999996
239,1135.0,COBOS - ANDES,C1,COBOS - ANDES,AES ANDES S.A.,345.0,404.64,EN OPERACION,2005-01-01,2023-04-20,ANTOFAGASTA-EL LOA,-24.14411030599996,-66.66994360699994
240,1135.0,COBOS - ANDES,C1,COBOS - ANDES,AES ANDES S.A.,345.0,404.64,EN OPERACION,2005-01-01,2023-04-20,ANTOFAGASTA-EL LOA,-24.14172255899996,-66.67349433499999
241,1135.0,COBOS - ANDES,C1,COBOS - ANDES,AES ANDES S.A.,345.0,404.64,EN OPERACION,2005-01-01,2023-04-20,ANTOFAGASTA-EL LOA,-24.139203451999947,-66.67690338399996
242,1135.0,COBOS - ANDES,C1,COBOS - ANDES,AES ANDES S.A.,345.0,404.64,EN OPERACION,2005-01-01,2023-04-20,ANTOFAGASTA-EL LOA,-24.13672139099998,-66.68026138299996
243,1135.0,COBOS - ANDES,C1,COBOS - ANDES,AES ANDES S.A.,345.0,404.64,EN OPERACION,2005-01-01,2023-04-20,ANTOFAGASTA-EL LOA,-24.13212818199997,-66.68687774899996
244,1135.0,COBOS - ANDES,C1,COBOS - ANDES,AES ANDES S.A.,345.0,404.64,EN OPERACION,2005-01-01,2023-04-20,ANTOFAGASTA-EL LOA,-24.12972701899997,-66.69026902499996
245,1135.0,COBOS - ANDES,C1,COBOS - ANDES,AES ANDES S.A.,345.0,404.64,EN OPERACION,2005-01-01,2023-04-20,ANTOFAGASTA-EL LOA,-24.127152268999964,-66.69353531799999
246,1135.0,COBOS - ANDES,C1,COBOS - ANDES,AES ANDES S.A.,345.0,404.64,EN OPERACION,2005-01-01,2023-04-20,ANTOFAGASTA-EL LOA,-24.12466980399995,-66.69723613299993
247,1135.0,COBOS - ANDES,C1,COBOS - ANDES,AES ANDES S.A.,345.0,404.64,EN OPERACION,2005-01-01,2023-04-20,ANTOFAGASTA-EL LOA,-24.12219502699997,-66.70054596699998
248,1135.0,COBOS - ANDES,C1,COBOS - ANDES,AES ANDES S.A.,345.0,404.64,EN OPERACION,2005-01-01,2023-04-20,ANTOFAGASTA-EL LOA,-24.11986178899997,-66.70386693999995
249,1135.0,COBOS - ANDES,C1,COBOS - ANDES,AES ANDES S.A.,345.0,404.64,EN OPERACION,2005-01-01,2023-04-20,ANTOFAGASTA-EL LOA,-24.117517259999943,-66.70735897299994
250,1135.0,COBOS - ANDES,C1,COBOS - ANDES,AES ANDES S.A.,345.0,404.64,EN OPERACION,2005-01-01,2023-04-20,ANTOFAGASTA-EL LOA,-24.11517200599997,-66.71061694199994
251,1135.0,COBOS - ANDES,C1,COBOS - ANDES,AES ANDES S.A.,345.0,404.64,EN OPERACION,2005-01-01,2023-04-20,ANTOFAGASTA-EL LOA,-24.11273964999998,-66.71392563699999
252,1135.0,COBOS - ANDES,C1,COBOS - ANDES,AES ANDES S.A.,345.0,404.64,EN OPERACION,2005-01-01,2023-04-20,ANTOFAGASTA-EL LOA,-24.11035404699993,-66.71738193899995
253,1135.0,COBOS - ANDES,C1,COBOS - ANDES,AES ANDES S.A.,345.0,404.64,EN OPERACION,2005-01-01,2023-04-20,ANTOFAGASTA-EL LOA,-24.10793045899993,-66.72064399899995
254,1135.0,COBOS - ANDES,C1,COBOS - ANDES,AES ANDES S.A.,345.0,404.64,EN OPERACION,2005-01-01,2023-04-20,ANTOFAGASTA-EL LOA,-24.105496838999954,-66.72411444099998
255,1135.0,COBOS - ANDES,C1,COBOS - ANDES,AES ANDES S.A.,345.0,404.64,EN OPERACION,2005-01-01,2023-04-20,ANTOFAGASTA-EL LOA,-24.100868898999977,-66.73059971599997
256,1135.0,COBOS - ANDES,C1,COBOS - ANDES,AES ANDES S.A.,345.0,404.64,EN OPERACION,2005-01-01,2023-04-20,ANTOFAGASTA-EL LOA,-24.100795301999938,-66.73363204899994
257,1135.0,COBOS - ANDES,C1,COBOS - ANDES,AES ANDES S.A.,345.0,404.64,EN OPERACION,2005-01-01,2023-04-20,ANTOFAGASTA-EL LOA,-24.100520780999943,-66.74911652899993
258,1135.0,COBOS - ANDES,C1,COBOS - ANDES,AES ANDES S.A.,345.0,404.64,EN OPERACION,2005-01-01,2023-04-20,ANTOFAGASTA-EL LOA,-24.10039321599993,-66.75332582599998
259,1135.0,COBOS - ANDES,C1,COBOS - ANDES,AES ANDES S.A.,345.0,404.64,EN OPERACION,2005-01-01,2023-04-20,ANTOFAGASTA-EL LOA,-24.100298289999955,-66.75779935199995
260,1135.0,COBOS - ANDES,C1,COBOS - ANDES,AES ANDES S.A.,345.0,404.64,EN OPERACION,2005-01-01,2023-04-20,ANTOFAGASTA-EL LOA,-24.10013291399997,-66.76209097799995
261,1135.0,COBOS - ANDES,C1,COBOS - ANDES,AES ANDES S.A.,345.0,404.64,EN OPERACION,2005-01-01,2023-04-20,ANTOFAGASTA-EL LOA,-24.099946942999964,-66.77081922499997
262,1135.0,COBOS - ANDES,C1,COBOS - ANDES,AES ANDES S.A.,345.0,404.64,EN OPERACION,2005-01-01,2023-04-20,ANTOFAGASTA-EL LOA,-24.09919079999997,-66.78378773699995
263,1135.0,COBOS - ANDES,C1,COBOS - ANDES,AES ANDES S.A.,345.0,404.64,EN OPERACION,2005-01-01,2023-04-20,ANTOFAGASTA-EL LOA,-24.09934521799994,-66.79216331299995
264,1135.0,COBOS - ANDES,C1,COBOS - ANDES,AES ANDES S.A.,345.0,404.64,EN OPERACION,2005-01-01,2023-04-20,ANTOFAGASTA-EL LOA,-24.099293930999977,-66.79626719999999
265,1135.0,COBOS - ANDES,C1,COBOS - ANDES,AES ANDES S.A.,345.0,404.64,EN OPERACION,2005-01-01,2023-04-20,ANTOFAGASTA-EL LOA,-24.09900366299996,-66.80036694099994
266,1135.0,COBOS - ANDES,C1,COBOS - ANDES,AES ANDES S.A.,345.0,404.64,EN OPERACION,2005-01-01,2023-04-20,ANTOFAGASTA-EL LOA,-24.09873692599996,-66.80853172299999
267,1135.0,COBOS - ANDES,C1,COBOS - ANDES,AES ANDES S.A.,345.0,404.64,EN OPERACION,2005-01-01,2023-04-20,ANTOFAGASTA-EL LOA,-24.101380285999937,-66.81590810999995
268,1135.0,COBOS - ANDES,C1,COBOS - ANDES,AES ANDES S.A.,345.0,404.64,EN OPERACION,2005-01-01,2023-04-20,ANTOFAGASTA-EL LOA,-24.10264172399997,-66.81939671899994
269,1135.0,COBOS - ANDES,C1,COBOS - ANDES,AES ANDES S.A.,345.0,404.64,EN OPERACION,2005-01-01,2023-04-20,ANTOFAGASTA-EL LOA,-24.104080456999952,-66.82297266799998
270,1135.0,COBOS - ANDES,C1,COBOS - ANDES,AES ANDES S.A.,345.0,404.64,EN OPERACION,2005-01-01,2023-04-20,ANTOFAGASTA-EL LOA,-24.105647481999934,-66.82689046599995
271,1135.0,COBOS - ANDES,C1,COBOS - ANDES,AES ANDES S.A.,345.0,404.64,EN OPERACION,2005-01-01,2023-04-20,ANTOFAGASTA-EL LOA,-24.10707565499996,-66.83065042199996
272,1135.0,COBOS - ANDES,C1,COBOS - ANDES,AES ANDES S.A.,345.0,404.64,EN OPERACION,2005-01-01,2023-04-20,ANTOFAGASTA-EL LOA,-24.10833672499996,-66.83451539999999
273,1135.0,COBOS - ANDES,C1,COBOS - ANDES,AES ANDES S.A.,345.0,404.64,EN OPERACION,2005-01-01,2023-04-20,ANTOFAGASTA-EL LOA,-24.10981948399996,-66.83833389199998
274,1135.0,COBOS - ANDES,C1,COBOS - ANDES,AES ANDES S.A.,345.0,404.64,EN OPERACION,2005-01-01,2023-04-20,ANTOFAGASTA-EL LOA,-24.11136203199993,-66.84219618499998
275,1135.0,COBOS - ANDES,C1,COBOS - ANDES,AES ANDES S.A.,345.0,404.64,EN OPERACION,2005-01-01,2023-04-20,ANTOFAGASTA-EL LOA,-24.11266379799997,-66.84591123899997
276,1135.0,COBOS - ANDES,C1,COBOS - ANDES,AES ANDES S.A.,345.0,404.64,EN OPERACION,2005-01-01,2023-04-20,ANTOFAGASTA-EL LOA,-24.11414359799994,-66.84977856399996
277,1135.0,COBOS - ANDES,C1,COBOS - ANDES,AES ANDES S.A.,345.0,404.64,EN OPERACION,2005-01-01,2023-04-20,ANTOFAGASTA-EL LOA,-24.11540088599997,-66.85334626799994
278,1135.0,COBOS - ANDES,C1,COBOS - ANDES,AES ANDES S.A.,345.0,404.64,EN OPERACION,2005-01-01,2023-04-20,ANTOFAGASTA-EL LOA,-24.11683432199993,-66.85705777399994
279,1135.0,COBOS - ANDES,C1,COBOS - ANDES,AES ANDES S.A.,345.0,404.64,EN OPERACION,2005-01-01,2023-04-20,ANTOFAGASTA-EL LOA,-24.11809412699995,-66.86047360799995
280,1135.0,COBOS - ANDES,C1,COBOS - ANDES,AES ANDES S.A.,345.0,404.64,EN OPERACION,2005-01-01,2023-04-20,ANTOFAGASTA-EL LOA,-24.11939396099996,-66.86433594199997
281,1135.0,COBOS - ANDES,C1,COBOS - ANDES,AES ANDES S.A.,345.0,404.64,EN OPERACION,2005-01-01,2023-04-20,ANTOFAGASTA-EL LOA,-24.130402621999963,-66.89363995499997
282,1135.0,COBOS - ANDES,C1,COBOS - ANDES,AES ANDES S.A.,345.0,404.64,EN OPERACION,2005-01-01,2023-04-20,ANTOFAGASTA-EL LOA,-24.12902425699997,-66.90156028999996
283,1135.0,COBOS - ANDES,C1,COBOS - ANDES,AES ANDES S.A.,345.0,404.64,EN OPERACION,2005-01-01,2023-04-20,ANTOFAGASTA-EL LOA,-24.12829843299994,-66.90574871899997
284,1135.0,COBOS - ANDES,C1,COBOS - ANDES,AES ANDES S.A.,345.0,404.64,EN OPERACION,2005-01-01,2023-04-20,ANTOFAGASTA-EL LOA,-24.12682033799996,-66.91364289799998
285,1135.0,COBOS - ANDES,C1,COBOS - ANDES,AES ANDES S.A.,345.0,404.64,EN OPERACION,2005-01-01,2023-04-20,ANTOFAGASTA-EL LOA,-24.12600911999993,-66.91803362899998
286,1135.0,COBOS - ANDES,C1,COBOS - ANDES,AES ANDES S.A.,345.0,404.64,EN OPERACION,2005-01-01,2023-04-20,ANTOFAGASTA-EL LOA,-24.125426437999977,-66.92199233099996
287,1135.0,COBOS - ANDES,C1,COBOS - ANDES,AES ANDES S.A.,345.0,404.64,EN OPERACION,2005-01-01,2023-04-20,ANTOFAGASTA-EL LOA,-24.12466690299993,-66.92599275299995
288,1135.0,COBOS - ANDES,C1,COBOS - ANDES,AES ANDES S.A.,345.0,404.64,EN OPERACION,2005-01-01,2023-04-20,ANTOFAGASTA-EL LOA,-24.12385876199994,-66.93002746899998
289,1135.0,COBOS - ANDES,C1,COBOS - ANDES,AES ANDES S.A.,345.0,404.64,EN OPERACION,2005-01-01,2023-04-20,ANTOFAGASTA-EL LOA,-24.12312904299995,-66.93445628699993
290,1135.0,COBOS - ANDES,C1,COBOS - ANDES,AES ANDES S.A.,345.0,404.64,EN OPERACION,2005-01-01,2023-04-20,ANTOFAGASTA-EL LOA,-24.121900953999955,-66.94207545799998
291,1135.0,COBOS - ANDES,C1,COBOS - ANDES,AES ANDES S.A.,345.0,404.64,EN OPERACION,2005-01-01,2023-04-20,ANTOFAGASTA-EL LOA,-24.120256079999933,-66.94999687099994
292,1135.0,COBOS - ANDES,C1,COBOS - ANDES,AES ANDES S.A.,345.0,404.64,EN OPERACION,2005-01-01,2023-04-20,ANTOFAGASTA-EL LOA,-24.119101743999977,-66.95333347099995
293,1135.0,COBOS - ANDES,C1,COBOS - ANDES,AES ANDES S.A.,345.0,404.64,EN OPERACION,2005-01-01,2023-04-20,ANTOFAGASTA-EL LOA,-24.10959795299993,-66.95715581099995
294,1135.0,COBOS - ANDES,C1,COBOS - ANDES,AES ANDES S.A.,345.0,404.64,EN OPERACION,2005-01-01,2023-04-20,ANTOFAGASTA-EL LOA,-24.099126096999957,-66.96153545299995
295,1135.0,COBOS - ANDES,C1,COBOS - ANDES,AES ANDES S.A.,345.0,404.64,EN OPERACION,2005-01-01,2023-04-20,ANTOFAGASTA-EL LOA,-24.09530902499995,-66.96327216899994
296,1135.0,COBOS - ANDES,C1,COBOS - ANDES,AES ANDES S.A.,345.0,404.64,EN OPERACION,2005-01-01,2023-04-20,ANTOFAGASTA-EL LOA,-24.091777260999947,-66.96462339699997
297,1135.0,COBOS - ANDES,C1,COBOS - ANDES,AES ANDES S.A.,345.0,404.64,EN OPERACION,2005-01-01,2023-04-20,ANTOFAGASTA-EL LOA,-24.084310502999983,-66.96747090599996
298,1135.0,COBOS - ANDES,C1,COBOS - ANDES,AES ANDES S.A.,345.0,404.64,EN OPERACION,2005-01-01,2023-04-20,ANTOFAGASTA-EL LOA,-24.080820458999938,-66.96922044399997
299,1135.0,COBOS - ANDES,C1,COBOS - ANDES,AES ANDES S.A.,345.0,404.64,EN OPERACION,2005-01-01,2023-04-20,ANTOFAGASTA-EL LOA,-24.076891775999968,-66.97086381399998
300,1135.0,COBOS - ANDES,C1,COBOS - ANDES,AES ANDES S.A.,345.0,404.64,EN OPERACION,2005-01-01,2023-04-20,ANTOFAGASTA-EL LOA,-24.07373197199996,-66.97204748599995
301,1135.0,COBOS - ANDES,C1,COBOS - ANDES,AES ANDES S.A.,345.0,404.64,EN OPERACION,2005-01-01,2023-04-20,ANTOFAGASTA-EL LOA,-24.069701994999942,-66.97388661999997
302,1135.0,COBOS - ANDES,C1,COBOS - ANDES,AES ANDES S.A.,345.0,404.64,EN OPERACION,2005-01-01,2023-04-20,ANTOFAGASTA-EL LOA,-24.06630692299996,-66.97506711699998
303,1135.0,COBOS - ANDES,C1,COBOS - ANDES,AES ANDES S.A.,345.0,404.64,EN OPERACION,2005-01-01,2023-04-20,ANTOFAGASTA-EL LOA,-24.06242180599997,-66.97701070599999
304,1135.0,COBOS - ANDES,C1,COBOS - ANDES,AES ANDES S.A.,345.0,404.64,EN OPERACION,2005-01-01,2023-04-20,ANTOFAGASTA-EL LOA,-24.057477800999948,-66.97884836899993
305,1135.0,COBOS - ANDES,C1,COBOS - ANDES,AES ANDES S.A.,345.0,404.64,EN OPERACION,2005-01-01,2023-04-20,ANTOFAGASTA-EL LOA,-24.050953765999964,-66.98151051799994
306,1135.0,COBOS - ANDES,C1,COBOS - ANDES,AES ANDES S.A.,345.0,404.64,EN OPERACION,2005-01-01,2023-04-20,ANTOFAGASTA-EL LOA,-24.027969364999933,-66.99108740499997
307,1135.0,COBOS - ANDES,C1,COBOS - ANDES,AES ANDES S.A.,345.0,404.64,EN OPERACION,2005-01-01,2023-04-20,ANTOFAGASTA-EL LOA,-24.012835321999944,-66.99750764199996
308,1135.0,COBOS - ANDES,C1,COBOS - ANDES,AES ANDES S.A.,345.0,404.64,EN OPERACION,2005-01-01,2023-04-20,ANTOFAGASTA-EL LOA,-24.00780128099996,-67.00394174099995
309,1135.0,COBOS - ANDES,C1,COBOS - ANDES,AES ANDES S.A.,345.0,404.64,EN OPERACION,2005-01-01,2023-04-20,ANTOFAGASTA-EL LOA,-23.98052549099998,-67.03900265499993
310,1135.0,COBOS - ANDES,C1,COBOS - ANDES,AES ANDES S.A.,345.0,404.64,EN OPERACION,2005-01-01,2023-04-20,ANTOFAGASTA-EL LOA,-23.94275327599996,-67.08687540799997
311,1135.0,COBOS - ANDES,C1,COBOS - ANDES,AES ANDES S.A.,345.0,404.64,EN OPERACION,2005-01-01,2023-04-20,ANTOFAGASTA-EL LOA,-23.900288544999967,-67.14050378899998
312,1135.0,COBOS - ANDES,C1,COBOS - ANDES,AES ANDES S.A.,345.0,404.64,EN OPERACION,2005-01-01,2023-04-20,ANTOFAGASTA-EL LOA,-23.89738716399995,-67.14416422799997
313,1135.0,COBOS - ANDES,C1,COBOS - ANDES,AES ANDES S.A.,345.0,404.64,EN OPERACION,2005-01-01,2023-04-20,ANTOFAGASTA-EL LOA,-23.89328181099995,-67.16830553799997
314,1135.0,COBOS - ANDES,C1,COBOS - ANDES,AES ANDES S.A.,345.0,404.64,EN OPERACION,2005-01-01,2023-04-20,ANTOFAGASTA-EL LOA,-23.89261848299998,-67.17241497599997
315,1135.0,COBOS - ANDES,C1,COBOS - ANDES,AES ANDES S.A.,345.0,404.64,EN OPERACION,2005-01-01,2023-04-20,ANTOFAGASTA-EL LOA,-23.89151573099997,-67.17664806899995
316,1135.0,COBOS - ANDES,C1,COBOS - ANDES,AES ANDES S.A.,345.0,404.64,EN OPERACION,2005-01-01,2023-04-20,ANTOFAGASTA-EL LOA,-23.89119937999993,-67.18043504599996
317,1135.0,COBOS - ANDES,C1,COBOS - ANDES,AES ANDES S.A.,345.0,404.64,EN OPERACION,2005-01-01,2023-04-20,ANTOFAGASTA-EL LOA,-23.89036096499996,-67.18447690299996
318,1135.0,COBOS - ANDES,C1,COBOS - ANDES,AES ANDES S.A.,345.0,404.64,EN OPERACION,2005-01-01,2023-04-20,ANTOFAGASTA-EL LOA,-23.889651199999943,-67.18899039899998
319,1135.0,COBOS - ANDES,C1,COBOS - ANDES,AES ANDES S.A.,345.0,404.64,EN OPERACION,2005-01-01,2023-04-20,ANTOFAGASTA-EL LOA,-23.888979026999948,-67.19305204099999
320,1135.0,COBOS - ANDES,C1,COBOS - ANDES,AES ANDES S.A.,345.0,404.64,EN OPERACION,2005-01-01,2023-04-20,ANTOFAGASTA-EL LOA,-23.88813302099993,-67.19709937199997
321,1135.0,COBOS - ANDES,C1,COBOS - ANDES,AES ANDES S.A.,345.0,404.64,EN OPERACION,2005-01-01,2023-04-20,ANTOFAGASTA-EL LOA,-23.887374523999934,-67.20122938999998
322,1135.0,COBOS - ANDES,C1,COBOS - ANDES,AES ANDES S.A.,345.0,404.64,EN OPERACION,2005-01-01,2023-04-20,ANTOFAGASTA-EL LOA,-23.88378684099996,-67.22174353399998
323,1135.0,COBOS - ANDES,C1,COBOS - ANDES,AES ANDES S.A.,345.0,404.64,EN OPERACION,2005-01-01,2023-04-20,ANTOFAGASTA-EL LOA,-23.87631345899996,-67.26394425499996
324,1135.0,COBOS - ANDES,C1,COBOS - ANDES,AES ANDES S.A.,345.0,404.64,EN OPERACION,2005-01-01,2023-04-20,ANTOFAGASTA-EL LOA,-23.87449584499996,-67.27432025199994
325,1135.0,COBOS - ANDES,C1,COBOS - ANDES,AES ANDES S.A.,345.0,404.64,EN OPERACION,2005-01-01,2023-04-20,ANTOFAGASTA-EL LOA,-23.874092203999965,-67.27854559099995
326,1135.0,COBOS - ANDES,C1,COBOS - ANDES,AES ANDES S.A.,345.0,404.64,EN OPERACION,2005-01-01,2023-04-20,ANTOFAGASTA-EL LOA,-23.873882039999955,-67.28183615299997
327,1135.0,COBOS - ANDES,C1,COBOS - ANDES,AES ANDES S.A.,345.0,404.64,EN OPERACION,2005-01-01,2023-04-20,ANTOFAGASTA-EL LOA,-23.86996856899998,-67.28759689099996
328,1135.0,COBOS - ANDES,C1,COBOS - ANDES,AES ANDES S.A.,345.0,404.64,EN OPERACION,2005-01-01,2023-04-20,ANTOFAGASTA-EL LOA,-23.867069717999986,-67.29346580699996
329,1135.0,COBOS - ANDES,C1,COBOS - ANDES,AES ANDES S.A.,345.0,404.64,EN OPERACION,2005-01-01,2023-04-20,ANTOFAGASTA-EL LOA,-23.86062415999993,-67.31372636699996
330,1135.0,COBOS - ANDES,C1,COBOS - ANDES,AES ANDES S.A.,345.0,404.64,EN OPERACION,2005-01-01,2023-04-20,ANTOFAGASTA-EL LOA,-23.86398818199996,-67.32243328299995
331,1135.0,COBOS - ANDES,C1,COBOS - ANDES,AES ANDES S.A.,345.0,404.64,EN OPERACION,2005-01-01,2023-04-20,ANTOFAGASTA-EL LOA,-23.866516128999933,-67.33221153599999
332,1135.0,COBOS - ANDES,C1,COBOS - ANDES,AES ANDES S.A.,345.0,404.64,EN OPERACION,2005-01-01,2023-04-20,ANTOFAGASTA-EL LOA,-23.86757325399998,-67.33554397699999
333,1135.0,COBOS - ANDES,C1,COBOS - ANDES,AES ANDES S.A.,345.0,404.64,EN OPERACION,2005-01-01,2023-04-20,ANTOFAGASTA-EL LOA,-23.872012634999976,-67.34815981199995
334,1135.0,COBOS - ANDES,C1,COBOS - ANDES,AES ANDES S.A.,345.0,404.64,EN OPERACION,2005-01-01,2023-04-20,ANTOFAGASTA-EL LOA,-23.87340399799996,-67.35192980999994
335,1135.0,COBOS - ANDES,C1,COBOS - ANDES,AES ANDES S.A.,345.0,404.64,EN OPERACION,2005-01-01,2023-04-20,ANTOFAGASTA-EL LOA,-23.874887099999967,-67.35500904599996
336,1135.0,COBOS - ANDES,C1,COBOS - ANDES,AES ANDES S.A.,345.0,404.64,EN OPERACION,2005-01-01,2023-04-20,ANTOFAGASTA-EL LOA,-23.87602781099997,-67.35942039399998
337,1135.0,COBOS - ANDES,C1,COBOS - ANDES,AES ANDES S.A.,345.0,404.64,EN OPERACION,2005-01-01,2023-04-20,ANTOFAGASTA-EL LOA,-23.880743112999937,-67.37212565299996
338,1135.0,COBOS - ANDES,C1,COBOS - ANDES,AES ANDES S.A.,345.0,404.64,EN OPERACION,2005-01-01,2023-04-20,ANTOFAGASTA-EL LOA,-23.88432944699997,-67.38166822599999
339,1135.0,COBOS - ANDES,C1,COBOS - ANDES,AES ANDES S.A.,345.0,404.64,EN OPERACION,2005-01-01,2023-04-20,ANTOFAGASTA-EL LOA,-23.890939985999974,-67.40178546599998
340,1135.0,COBOS - ANDES,C1,COBOS - ANDES,AES ANDES S.A.,345.0,404.64,EN OPERACION,2005-01-01,2023-04-20,ANTOFAGASTA-EL LOA,-23.890051939999974,-67.42608911899998
341,1135.0,COBOS - ANDES,C1,COBOS - ANDES,AES ANDES S.A.,345.0,404.64,EN OPERACION,2005-01-01,2023-04-20,ANTOFAGASTA-EL LOA,-23.88850690099997,-67.45337329799997
342,1135.0,COBOS - ANDES,C1,COBOS - ANDES,AES ANDES S.A.,345.0,404.64,EN OPERACION,2005-01-01,2023-04-20,ANTOFAGASTA-EL LOA,-23.88623582599996,-67.47080902299996
343,1135.0,COBOS - ANDES,C1,COBOS - ANDES,AES ANDES S.A.,345.0,404.64,EN OPERACION,2005-01-01,2023-04-20,ANTOFAGASTA-EL LOA,-23.883851016999927,-67.49157114799993
344,1135.0,COBOS - ANDES,C1,COBOS - ANDES,AES ANDES S.A.,345.0,404.64,EN OPERACION,2005-01-01,2023-04-20,ANTOFAGASTA-EL LOA,-23.881959465999955,-67.50801113499995
345,1135.0,COBOS - ANDES,C1,COBOS - ANDES,AES ANDES S.A.,345.0,404.64,EN OPERACION,2005-01-01,2023-04-20,ANTOFAGASTA-EL LOA,-23.87889995999996,-67.51921438799997
346,1135.0,COBOS - ANDES,C1,COBOS - ANDES,AES ANDES S.A.,345.0,404.64,EN OPERACION,2005-01-01,2023-04-20,ANTOFAGASTA-EL LOA,-23.88497013399996,-67.53393118299994
347,1135.0,COBOS - ANDES,C1,COBOS - ANDES,AES ANDES S.A.,345.0,404.64,EN OPERACION,2005-01-01,2023-04-20,ANTOFAGASTA-EL LOA,-23.89172603099996,-67.55119109599997
348,1135.0,COBOS - ANDES,C1,COBOS - ANDES,AES ANDES S.A.,345.0,404.64,EN OPERACION,2005-01-01,2023-04-20,ANTOFAGASTA-EL LOA,-23.897787938999954,-67.56924126399997
349,1135.0,COBOS - ANDES,C1,COBOS - ANDES,AES ANDES S.A.,345.0,404.64,EN OPERACION,2005-01-01,2023-04-20,ANTOFAGASTA-EL LOA,-23.90759436299993,-67.59132932299997
350,1135.0,COBOS - ANDES,C1,COBOS - ANDES,AES ANDES S.A.,345.0,404.64,EN OPERACION,2005-01-01,2023-04-20,ANTOFAGASTA-EL LOA,-23.92336049399995,-67.63124586799995
351,1135.0,COBOS - ANDES,C1,COBOS - ANDES,AES ANDES S.A.,345.0,404.64,EN OPERACION,2005-01-01,2023-04-20,ANTOFAGASTA-EL LOA,-23.92655784199997,-67.63662478799995
352,1135.0,COBOS - ANDES,C1,COBOS - ANDES,AES ANDES S.A.,345.0,404.64,EN OPERACION,2005-01-01,2023-04-20,ANTOFAGASTA-EL LOA,-23.91193788399994,-67.67003716199997
353,1135.0,COBOS - ANDES,C1,COBOS - ANDES,AES ANDES S.A.,345.0,404.64,EN OPERACION,2005-01-01,2023-04-20,ANTOFAGASTA-EL LOA,-23.902751730999967,-67.69133930199996
354,1135.0,COBOS - ANDES,C1,COBOS - ANDES,AES ANDES S.A.,345.0,404.64,EN OPERACION,2005-01-01,2023-04-20,ANTOFAGASTA-EL LOA,-23.89601831299996,-67.71751368099996
355,1135.0,COBOS - ANDES,C1,COBOS - ANDES,AES ANDES S.A.,345.0,404.64,EN OPERACION,2005-01-01,2023-04-20,ANTOFAGASTA-EL LOA,-23.894360335999977,-67.72415737999995
356,1135.0,COBOS - ANDES,C1,COBOS - ANDES,AES ANDES S.A.,345.0,404.64,EN OPERACION,2005-01-01,2023-04-20,ANTOFAGASTA-EL LOA,-23.89408468499994,-67.73478880699997
357,1135.0,COBOS - ANDES,C1,COBOS - ANDES,AES ANDES S.A.,345.0,404.64,EN OPERACION,2005-01-01,2023-04-20,ANTOFAGASTA-EL LOA,-23.894865137999943,-67.74150055099994
358,1135.0,COBOS - ANDES,C1,COBOS - ANDES,AES ANDES S.A.,345.0,404.64,EN OPERACION,2005-01-01,2023-04-20,ANTOFAGASTA-EL LOA,-23.89578909499994,-67.75015734299996
359,1135.0,COBOS - ANDES,C1,COBOS - ANDES,AES ANDES S.A.,345.0,404.64,EN OPERACION,2005-01-01,2023-04-20,ANTOFAGASTA-EL LOA,-23.89786915599996,-67.76986790199999
360,1135.0,COBOS - ANDES,C1,COBOS - ANDES,AES ANDES S.A.,345.0,404.64,EN OPERACION,2005-01-01,2023-04-20,ANTOFAGASTA-EL LOA,-23.89838451299994,-67.77383126999996
361,1135.0,COBOS - ANDES,C1,COBOS - ANDES,AES ANDES S.A.,345.0,404.64,EN OPERACION,2005-01-01,2023-04-20,ANTOFAGASTA-EL LOA,-23.89886083199997,-67.77819115199998
362,1135.0,COBOS - ANDES,C1,COBOS - ANDES,AES ANDES S.A.,345.0,404.64,EN OPERACION,2005-01-01,2023-04-20,ANTOFAGASTA-EL LOA,-23.89933008299994,-67.78244796199994
363,1135.0,COBOS - ANDES,C1,COBOS - ANDES,AES ANDES S.A.,345.0,404.64,EN OPERACION,2005-01-01,2023-04-20,ANTOFAGASTA-EL LOA,-23.89954043599994,-67.78533348199994
364,1135.0,COBOS - ANDES,C1,COBOS - ANDES,AES ANDES S.A.,345.0,404.64,EN OPERACION,2005-01-01,2023-04-20,ANTOFAGASTA-EL LOA,-23.899834772999952,-67.78781958799993
365,1135.0,COBOS - ANDES,C1,COBOS - ANDES,AES ANDES S.A.,345.0,404.64,EN OPERACION,2005-01-01,2023-04-20,ANTOFAGASTA-EL LOA,-23.89960469699997,-67.79159240799999
366,1135.0,COBOS - ANDES,C1,COBOS - ANDES,AES ANDES S.A.,345.0,404.64,EN OPERACION,2005-01-01,2023-04-20,ANTOFAGASTA-EL LOA,-23.899351276999937,-67.79553476599995
367,1135.0,COBOS - ANDES,C1,COBOS - ANDES,AES ANDES S.A.,345.0,404.64,EN OPERACION,2005-01-01,2023-04-20,ANTOFAGASTA-EL LOA,-23.89912067499995,-67.79945064499998
368,1135.0,COBOS - ANDES,C1,COBOS - ANDES,AES ANDES S.A.,345.0,404.64,EN OPERACION,2005-01-01,2023-04-20,ANTOFAGASTA-EL LOA,-23.898844269999927,-67.80388893299994
369,1135.0,COBOS - ANDES,C1,COBOS - ANDES,AES ANDES S.A.,345.0,404.64,EN OPERACION,2005-01-01,2023-04-20,ANTOFAGASTA-EL LOA,-23.89852898099997,-67.80912311399999
370,1135.0,COBOS - ANDES,C1,COBOS - ANDES,AES ANDES S.A.,345.0,404.64,EN OPERACION,2005-01-01,2023-04-20,ANTOFAGASTA-EL LOA,-23.89832866499995,-67.81265809799999
371,1135.0,COBOS - ANDES,C1,COBOS - ANDES,AES ANDES S.A.,345.0,404.64,EN OPERACION,2005-01-01,2023-04-20,ANTOFAGASTA-EL LOA,-23.898059199999977,-67.81674742699994
372,1135.0,COBOS - ANDES,C1,COBOS - ANDES,AES ANDES S.A.,345.0,404.64,EN OPERACION,2005-01-01,2023-04-20,ANTOFAGASTA-EL LOA,-23.897803773999957,-67.82137020499994
373,1135.0,COBOS - ANDES,C1,COBOS - ANDES,AES ANDES S.A.,345.0,404.64,EN OPERACION,2005-01-01,2023-04-20,ANTOFAGASTA-EL LOA,-23.897570428999927,-67.82511393299995
374,1135.0,COBOS - ANDES,C1,COBOS - ANDES,AES ANDES S.A.,345.0,404.64,EN OPERACION,2005-01-01,2023-04-20,ANTOFAGASTA-EL LOA,-23.89733853599995,-67.82918054899994
375,1135.0,COBOS - ANDES,C1,COBOS - ANDES,AES ANDES S.A.,345.0,404.64,EN OPERACION,2005-01-01,2023-04-20,ANTOFAGASTA-EL LOA,-23.898838842999965,-67.83277207199995
376,1135.0,COBOS - ANDES,C1,COBOS - ANDES,AES ANDES S.A.,345.0,404.64,EN OPERACION,2005-01-01,2023-04-20,ANTOFAGASTA-EL LOA,-23.90041847199996,-67.83660640399995
377,1135.0,COBOS - ANDES,C1,COBOS - ANDES,AES ANDES S.A.,345.0,404.64,EN OPERACION,2005-01-01,2023-04-20,ANTOFAGASTA-EL LOA,-23.90188642299995,-67.84010805499997
378,1135.0,COBOS - ANDES,C1,COBOS - ANDES,AES ANDES S.A.,345.0,404.64,EN OPERACION,2005-01-01,2023-04-20,ANTOFAGASTA-EL LOA,-23.90376451699996,-67.84455508099995
379,1135.0,COBOS - ANDES,C1,COBOS - ANDES,AES ANDES S.A.,345.0,404.64,EN OPERACION,2005-01-01,2023-04-20,ANTOFAGASTA-EL LOA,-23.905235623999943,-67.84808484799998
380,1135.0,COBOS - ANDES,C1,COBOS - ANDES,AES ANDES S.A.,345.0,404.64,EN OPERACION,2005-01-01,2023-04-20,ANTOFAGASTA-EL LOA,-23.906858350999983,-67.85198928099999
381,1135.0,COBOS - ANDES,C1,COBOS - ANDES,AES ANDES S.A.,345.0,404.64,EN OPERACION,2005-01-01,2023-04-20,ANTOFAGASTA-EL LOA,-23.90778750499993,-67.85423262099994
382,1135.0,COBOS - ANDES,C1,COBOS - ANDES,AES ANDES S.A.,345.0,404.64,EN OPERACION,2005-01-01,2023-04-20,ANTOFAGASTA-EL LOA,-23.90908187399998,-67.85728919199994
383,1135.0,COBOS - ANDES,C1,COBOS - ANDES,AES ANDES S.A.,345.0,404.64,EN OPERACION,2005-01-01,2023-04-20,ANTOFAGASTA-EL LOA,-23.91110590699998,-67.86217208799997
384,1135.0,COBOS - ANDES,C1,COBOS - ANDES,AES ANDES S.A.,345.0,404.64,EN OPERACION,2005-01-01,2023-04-20,ANTOFAGASTA-EL LOA,-23.912879690999944,-67.86640561699994
385,1135.0,COBOS - ANDES,C1,COBOS - ANDES,AES ANDES S.A.,345.0,404.64,EN OPERACION,2005-01-01,2023-04-20,ANTOFAGASTA-EL LOA,-23.914746984999965,-67.87094456699998
386,1135.0,COBOS - ANDES,C1,COBOS - ANDES,AES ANDES S.A.,345.0,404.64,EN OPERACION,2005-01-01,2023-04-20,ANTOFAGASTA-EL LOA,-23.916215740999974,-67.87437873699997
387,1135.0,COBOS - ANDES,C1,COBOS - ANDES,AES ANDES S.A.,345.0,404.64,EN OPERACION,2005-01-01,2023-04-20,ANTOFAGASTA-EL LOA,-23.91761179899993,-67.87776148299997
388,1135.0,COBOS - ANDES,C1,COBOS - ANDES,AES ANDES S.A.,345.0,404.64,EN OPERACION,2005-01-01,2023-04-20,ANTOFAGASTA-EL LOA,-23.919128000999933,-67.88138840499994
389,1135.0,COBOS - ANDES,C1,COBOS - ANDES,AES ANDES S.A.,345.0,404.64,EN OPERACION,2005-01-01,2023-04-20,ANTOFAGASTA-EL LOA,-23.920922039999937,-67.88567812799994
390,1135.0,COBOS - ANDES,C1,COBOS - ANDES,AES ANDES S.A.,345.0,404.64,EN OPERACION,2005-01-01,2023-04-20,ANTOFAGASTA-EL LOA,-23.92235802099998,-67.88917949099994
391,1135.0,COBOS - ANDES,C1,COBOS - ANDES,AES ANDES S.A.,345.0,404.64,EN OPERACION,2005-01-01,2023-04-20,ANTOFAGASTA-EL LOA,-23.924151284999937,-67.89344247499997
392,1135.0,COBOS - ANDES,C1,COBOS - ANDES,AES ANDES S.A.,345.0,404.64,EN OPERACION,2005-01-01,2023-04-20,ANTOFAGASTA-EL LOA,-23.92568447399998,-67.89710352499998
393,1135.0,COBOS - ANDES,C1,COBOS - ANDES,AES ANDES S.A.,345.0,404.64,EN OPERACION,2005-01-01,2023-04-20,ANTOFAGASTA-EL LOA,-23.927419115999957,-67.90121613499997
394,1135.0,COBOS - ANDES,C1,COBOS - ANDES,AES ANDES S.A.,345.0,404.64,EN OPERACION,2005-01-01,2023-04-20,ANTOFAGASTA-EL LOA,-23.929022559999964,-67.90509207399998
395,1135.0,COBOS - ANDES,C1,COBOS - ANDES,AES ANDES S.A.,345.0,404.64,EN OPERACION,2005-01-01,2023-04-20,ANTOFAGASTA-EL LOA,-23.93075394599998,-67.90917598499993
396,1135.0,COBOS - ANDES,C1,COBOS - ANDES,AES ANDES S.A.,345.0,404.64,EN OPERACION,2005-01-01,2023-04-20,ANTOFAGASTA-EL LOA,-23.93210473699997,-67.91244453499996
397,1135.0,COBOS - ANDES,C1,COBOS - ANDES,AES ANDES S.A.,345.0,404.64,EN OPERACION,2005-01-01,2023-04-20,ANTOFAGASTA-EL LOA,-23.93370595999994,-67.91624291299996
398,1135.0,COBOS - ANDES,C1,COBOS - ANDES,AES ANDES S.A.,345.0,404.64,EN OPERACION,2005-01-01,2023-04-20,ANTOFAGASTA-EL LOA,-23.93514029399995,-67.91980206599999
399,1135.0,COBOS - ANDES,C1,COBOS - ANDES,AES ANDES S.A.,345.0,404.64,EN OPERACION,2005-01-01,2023-04-20,ANTOFAGASTA-EL LOA,-23.936562606999928,-67.92322470399995
400,1135.0,COBOS - ANDES,C1,COBOS - ANDES,AES ANDES S.A.,345.0,404.64,EN OPERACION,2005-01-01,2023-04-20,ANTOFAGASTA-EL LOA,-23.938039351999976,-67.92672986299993
401,1135.0,COBOS - ANDES,C1,COBOS - ANDES,AES ANDES S.A.,345.0,404.64,EN OPERACION,2005-01-01,2023-04-20,ANTOFAGASTA-EL LOA,-23.93992716499997,-67.93118508999999
402,1135.0,COBOS - ANDES,C1,COBOS - ANDES,AES ANDES S.A.,345.0,404.64,EN OPERACION,2005-01-01,2023-04-20,ANTOFAGASTA-EL LOA,-23.941405032999967,-67.93477648799995
403,1135.0,COBOS - ANDES,C1,COBOS - ANDES,AES ANDES S.A.,345.0,404.64,EN OPERACION,2005-01-01,2023-04-20,ANTOFAGASTA-EL LOA,-23.943071318999955,-67.93877212899997
404,1135.0,COBOS - ANDES,C1,COBOS - ANDES,AES ANDES S.A.,345.0,404.64,EN OPERACION,2005-01-01,2023-04-20,ANTOFAGASTA-EL LOA,-23.944619091999986,-67.94250776499996
405,1135.0,COBOS - ANDES,C1,COBOS - ANDES,AES ANDES S.A.,345.0,404.64,EN OPERACION,2005-01-01,2023-04-20,ANTOFAGASTA-EL LOA,-23.945851855999933,-67.94547978399999
406,1135.0,COBOS - ANDES,C1,COBOS - ANDES,AES ANDES S.A.,345.0,404.64,EN OPERACION,2005-01-01,2023-04-20,ANTOFAGASTA-EL LOA,-23.95669249699995,-67.97058651899994
407,1135.0,COBOS - ANDES,C1,COBOS - ANDES,AES ANDES S.A.,345.0,404.64,EN OPERACION,2005-01-01,2023-04-20,ANTOFAGASTA-EL LOA,-23.957165003999933,-68.03743431499998
408,1135.0,COBOS - ANDES,C1,COBOS - ANDES,AES ANDES S.A.,345.0,404.64,EN OPERACION,2005-01-01,2023-04-20,ANTOFAGASTA-EL LOA,-23.96089552099994,-68.10477297899996
409,1135.0,COBOS - ANDES,C1,COBOS - ANDES,AES ANDES S.A.,345.0,404.64,EN OPERACION,2005-01-01,2023-04-20,ANTOFAGASTA-EL LOA,-23.96113859299993,-68.10847545599995
410,1135.0,COBOS - ANDES,C1,COBOS - ANDES,AES ANDES S.A.,345.0,404.64,EN OPERACION,2005-01-01,2023-04-20,ANTOFAGASTA-EL LOA,-23.96136861399998,-68.11263034399997
411,1135.0,COBOS - ANDES,C1,COBOS - ANDES,AES ANDES S.A.,345.0,404.64,EN OPERACION,2005-01-01,2023-04-20,ANTOFAGASTA-EL LOA,-23.96149917699995,-68.11437573899997
412,1135.0,COBOS - ANDES,C1,COBOS - ANDES,AES ANDES S.A.,345.0,404.64,EN OPERACION,2005-01-01,2023-04-20,ANTOFAGASTA-EL LOA,-23.96120127399996,-68.11790360699996
413,1135.0,COBOS - ANDES,C1,COBOS - ANDES,AES ANDES S.A.,345.0,404.64,EN OPERACION,2005-01-01,2023-04-20,ANTOFAGASTA-EL LOA,-23.96084378699993,-68.12165099599997
414,1135.0,COBOS - ANDES,C1,COBOS - ANDES,AES ANDES S.A.,345.0,404.64,EN OPERACION,2005-01-01,2023-04-20,ANTOFAGASTA-EL LOA,-23.960472160999927,-68.12587209899993
415,1135.0,COBOS - ANDES,C1,COBOS - ANDES,AES ANDES S.A.,345.0,404.64,EN OPERACION,2005-01-01,2023-04-20,ANTOFAGASTA-EL LOA,-23.960212033999937,-68.12885009499996
416,1135.0,COBOS - ANDES,C1,COBOS - ANDES,AES ANDES S.A.,345.0,404.64,EN OPERACION,2005-01-01,2023-04-20,ANTOFAGASTA-EL LOA,-23.95990026799996,-68.13231832899999
417,1135.0,COBOS - ANDES,C1,COBOS - ANDES,AES ANDES S.A.,345.0,404.64,EN OPERACION,2005-01-01,2023-04-20,ANTOFAGASTA-EL LOA,-23.95962102599998,-68.13580200899997
418,1135.0,COBOS - ANDES,C1,COBOS - ANDES,AES ANDES S.A.,345.0,404.64,EN OPERACION,2005-01-01,2023-04-20,ANTOFAGASTA-EL LOA,-23.95905214199996,-68.14183347299996
419,1135.0,COBOS - ANDES,C1,COBOS - ANDES,AES ANDES S.A.,345.0,404.64,EN OPERACION,2005-01-01,2023-04-20,ANTOFAGASTA-EL LOA,-23.958724055999937,-68.14529270299994
420,1135.0,COBOS - ANDES,C1,COBOS - ANDES,AES ANDES S.A.,345.0,404.64,EN OPERACION,2005-01-01,2023-04-20,ANTOFAGASTA-EL LOA,-23.95849784999996,-68.14779372899994
421,1135.0,COBOS - ANDES,C1,COBOS - ANDES,AES ANDES S.A.,345.0,404.64,EN OPERACION,2005-01-01,2023-04-20,ANTOFAGASTA-EL LOA,-23.958043490999955,-68.15306108099998
422,1135.0,COBOS - ANDES,C1,COBOS - ANDES,AES ANDES S.A.,345.0,404.64,EN OPERACION,2005-01-01,2023-04-20,ANTOFAGASTA-EL LOA,-23.957825139999954,-68.15572326299997
423,1135.0,COBOS - ANDES,C1,COBOS - ANDES,AES ANDES S.A.,345.0,404.64,EN OPERACION,2005-01-01,2023-04-20,ANTOFAGASTA-EL LOA,-23.957444254999928,-68.15974913899998
424,1135.0,COBOS - ANDES,C1,COBOS - ANDES,AES ANDES S.A.,345.0,404.64,EN OPERACION,2005-01-01,2023-04-20,ANTOFAGASTA-EL LOA,-23.95708662499993,-68.16373892699994
425,1135.0,COBOS - ANDES,C1,COBOS - ANDES,AES ANDES S.A.,345.0,404.64,EN OPERACION,2005-01-01,2023-04-20,ANTOFAGASTA-EL LOA,-23.95674223499998,-68.16763417099997
426,1135.0,COBOS - ANDES,C1,COBOS - ANDES,AES ANDES S.A.,345.0,404.64,EN OPERACION,2005-01-01,2023-04-20,ANTOFAGASTA-EL LOA,-23.956396713999936,-68.17156714499998
427,1135.0,COBOS - ANDES,C1,COBOS - ANDES,AES ANDES S.A.,345.0,404.64,EN OPERACION,2005-01-01,2023-04-20,ANTOFAGASTA-EL LOA,-23.956161814999973,-68.17503723399994
428,1135.0,COBOS - ANDES,C1,COBOS - ANDES,AES ANDES S.A.,345.0,404.64,EN OPERACION,2005-01-01,2023-04-20,ANTOFAGASTA-EL LOA,-23.955845746999955,-68.17925293599995
429,1135.0,COBOS - ANDES,C1,COBOS - ANDES,AES ANDES S.A.,345.0,404.64,EN OPERACION,2005-01-01,2023-04-20,ANTOFAGASTA-EL LOA,-23.95555271199993,-68.18325256799994
430,1135.0,COBOS - ANDES,C1,COBOS - ANDES,AES ANDES S.A.,345.0,404.64,EN OPERACION,2005-01-01,2023-04-20,ANTOFAGASTA-EL LOA,-23.95526315199993,-68.18716351499995
431,1135.0,COBOS - ANDES,C1,COBOS - ANDES,AES ANDES S.A.,345.0,404.64,EN OPERACION,2005-01-01,2023-04-20,ANTOFAGASTA-EL LOA,-23.95494198399996,-68.19108069799995
432,1135.0,COBOS - ANDES,C1,COBOS - ANDES,AES ANDES S.A.,345.0,404.64,EN OPERACION,2005-01-01,2023-04-20,ANTOFAGASTA-EL LOA,-23.95466462299993,-68.19520354299993
433,1135.0,COBOS - ANDES,C1,COBOS - ANDES,AES ANDES S.A.,345.0,404.64,EN OPERACION,2005-01-01,2023-04-20,ANTOFAGASTA-EL LOA,-23.95438133999994,-68.19899949099994
434,1135.0,COBOS - ANDES,C1,COBOS - ANDES,AES ANDES S.A.,345.0,404.64,EN OPERACION,2005-01-01,2023-04-20,ANTOFAGASTA-EL LOA,-23.954036448999943,-68.20333957199995
435,1135.0,COBOS - ANDES,C1,COBOS - ANDES,AES ANDES S.A.,345.0,404.64,EN OPERACION,2005-01-01,2023-04-20,ANTOFAGASTA-EL LOA,-23.953713507999964,-68.20781700499998
436,1135.0,COBOS - ANDES,C1,COBOS - ANDES,AES ANDES S.A.,345.0,404.64,EN OPERACION,2005-01-01,2023-04-20,ANTOFAGASTA-EL LOA,-23.95341257599995,-68.21207330299995
437,1135.0,COBOS - ANDES,C1,COBOS - ANDES,AES ANDES S.A.,345.0,404.64,EN OPERACION,2005-01-01,2023-04-20,ANTOFAGASTA-EL LOA,-23.95299560399997,-68.21763150599998
438,1135.0,COBOS - ANDES,C1,COBOS - ANDES,AES ANDES S.A.,345.0,404.64,EN OPERACION,2005-01-01,2023-04-20,ANTOFAGASTA-EL LOA,-23.952709813999945,-68.22141013699996
439,1135.0,COBOS - ANDES,C1,COBOS - ANDES,AES ANDES S.A.,345.0,404.64,EN OPERACION,2005-01-01,2023-04-20,ANTOFAGASTA-EL LOA,-23.952460446999964,-68.22489620999994
440,1135.0,COBOS - ANDES,C1,COBOS - ANDES,AES ANDES S.A.,345.0,404.64,EN OPERACION,2005-01-01,2023-04-20,ANTOFAGASTA-EL LOA,-23.952168693999965,-68.22891450199995
441,1135.0,COBOS - ANDES,C1,COBOS - ANDES,AES ANDES S.A.,345.0,404.64,EN OPERACION,2005-01-01,2023-04-20,ANTOFAGASTA-EL LOA,-23.951868032999982,-68.23277480199994
442,1135.0,COBOS - ANDES,C1,COBOS - ANDES,AES ANDES S.A.,345.0,404.64,EN OPERACION,2005-01-01,2023-04-20,ANTOFAGASTA-EL LOA,-23.95165797099997,-68.23551535599995
443,1135.0,COBOS - ANDES,C1,COBOS - ANDES,AES ANDES S.A.,345.0,404.64,EN OPERACION,2005-01-01,2023-04-20,ANTOFAGASTA-EL LOA,-23.950677240999937,-68.23793272199998
444,1135.0,COBOS - ANDES,C1,COBOS - ANDES,AES ANDES S.A.,345.0,404.64,EN OPERACION,2005-01-01,2023-04-20,ANTOFAGASTA-EL LOA,-23.949143139999933,-68.24169522299997
445,1135.0,COBOS - ANDES,C1,COBOS - ANDES,AES ANDES S.A.,345.0,404.64,EN OPERACION,2005-01-01,2023-04-20,ANTOFAGASTA-EL LOA,-23.94759377599996,-68.24547995899997
446,1135.0,COBOS - ANDES,C1,COBOS - ANDES,AES ANDES S.A.,345.0,404.64,EN OPERACION,2005-01-01,2023-04-20,ANTOFAGASTA-EL LOA,-23.946460657999975,-68.24827786799995
447,1135.0,COBOS - ANDES,C1,COBOS - ANDES,AES ANDES S.A.,345.0,404.64,EN OPERACION,2005-01-01,2023-04-20,ANTOFAGASTA-EL LOA,-23.94506283199996,-68.25220689699995
448,1135.0,COBOS - ANDES,C1,COBOS - ANDES,AES ANDES S.A.,345.0,404.64,EN OPERACION,2005-01-01,2023-04-20,ANTOFAGASTA-EL LOA,-23.943340843999977,-68.25623581099995
449,1135.0,COBOS - ANDES,C1,COBOS - ANDES,AES ANDES S.A.,345.0,404.64,EN OPERACION,2005-01-01,2023-04-20,ANTOFAGASTA-EL LOA,-23.941785135999964,-68.26023002899996
450,1135.0,COBOS - ANDES,C1,COBOS - ANDES,AES ANDES S.A.,345.0,404.64,EN OPERACION,2005-01-01,2023-04-20,ANTOFAGASTA-EL LOA,-23.940494093999973,-68.26324978299994
451,1135.0,COBOS - ANDES,C1,COBOS - ANDES,AES ANDES S.A.,345.0,404.64,EN OPERACION,2005-01-01,2023-04-20,ANTOFAGASTA-EL LOA,-23.94253246199997,-68.26819165199998
452,1135.0,COBOS - ANDES,C1,COBOS - ANDES,AES ANDES S.A.,345.0,404.64,EN OPERACION,2005-01-01,2023-04-20,ANTOFAGASTA-EL LOA,-23.947854778999957,-68.28078047599996
453,1135.0,COBOS - ANDES,C1,COBOS - ANDES,AES ANDES S.A.,345.0,404.64,EN OPERACION,2005-01-01,2023-04-20,ANTOFAGASTA-EL LOA,-23.94899442199994,-68.29535474599999
454,1135.0,COBOS - ANDES,C1,COBOS - ANDES,AES ANDES S.A.,345.0,404.64,EN OPERACION,2005-01-01,2023-04-20,ANTOFAGASTA-EL LOA,-23.95191049099998,-68.33309977899995
455,1135.0,COBOS - ANDES,C1,COBOS - ANDES,AES ANDES S.A.,345.0,404.64,EN OPERACION,2005-01-01,2023-04-20,ANTOFAGASTA-EL LOA,-23.960293514999933,-68.37216826599996
456,1135.0,COBOS - ANDES,C1,COBOS - ANDES,AES ANDES S.A.,345.0,404.64,EN OPERACION,2005-01-01,2023-04-20,ANTOFAGASTA-EL LOA,-23.961274784999944,-68.37714228399994
457,1135.0,COBOS - ANDES,C1,COBOS - ANDES,AES ANDES S.A.,345.0,404.64,EN OPERACION,2005-01-01,2023-04-20,ANTOFAGASTA-EL LOA,-23.964771978999977,-68.39460415799994
458,1135.0,COBOS - ANDES,C1,COBOS - ANDES,AES ANDES S.A.,345.0,404.64,EN OPERACION,2005-01-01,2023-04-20,ANTOFAGASTA-EL LOA,-23.96842520899997,-68.41451640099996
459,1135.0,COBOS - ANDES,C1,COBOS - ANDES,AES ANDES S.A.,345.0,404.64,EN OPERACION,2005-01-01,2023-04-20,ANTOFAGASTA-EL LOA,-23.98736015999998,-68.46257240099999
460,1135.0,COBOS - ANDES,C1,COBOS - ANDES,AES ANDES S.A.,345.0,404.64,EN OPERACION,2005-01-01,2023-04-20,ANTOFAGASTA-EL LOA,-23.99666560399993,-68.49903349799996
461,1135.0,COBOS - ANDES,C1,COBOS - ANDES,AES ANDES S.A.,345.0,404.64,EN OPERACION,2005-01-01,2023-04-20,ANTOFAGASTA-EL LOA,-24.001720656999964,-68.52205548999996
462,1135.0,COBOS - ANDES,C1,COBOS - ANDES,AES ANDES S.A.,345.0,404.64,EN OPERACION,2005-01-01,2023-04-20,ANTOFAGASTA-EL LOA,-24.00927457199998,-68.54973890999997
463,1135.0,COBOS - ANDES,C1,COBOS - ANDES,AES ANDES S.A.,345.0,404.64,EN OPERACION,2005-01-01,2023-04-20,ANTOFAGASTA-EL LOA,-24.015306418999955,-68.57201590299996
464,1135.0,COBOS - ANDES,C1,COBOS - ANDES,AES ANDES S.A.,345.0,404.64,EN OPERACION,2005-01-01,2023-04-20,ANTOFAGASTA-EL LOA,-24.01824596799997,-68.58258963199995
465,,,,,,,,,,,,,
